-- Drop Table Statements

drop table Ballot;
drop table Candidate;
drop table Voter;
drop table PollingStation;
drop table Riding;
drop table Province;
drop table Policy;
drop table Party;
drop table Parliament;
drop table PostalCode_City_Province;

-- Create Table Statements

CREATE TABLE PostalCode_City_Province (
	PostalCode VARCHAR(256) PRIMARY KEY, 
	City VARCHAR(256) NOT NULL,
	Province VARCHAR(256) NOT NULL
);

CREATE TABLE Parliament (
	Country VARCHAR(256) PRIMARY KEY,
	StreetAddress VARCHAR(256) NOT NULL, 
	PostalCode VARCHAR(256) NOT NULL,
	FOREIGN KEY (PostalCode) REFERENCES PostalCode_City_Province (PostalCode) ON DELETE CASCADE
);

CREATE TABLE Party (
	PartyName VARCHAR(256) PRIMARY KEY,
	FoundingYear INTEGER NOT NULL,
	Incumbent INTEGER NOT NULL
);

CREATE TABLE Policy (
	Party_PartyName VARCHAR(256), 
	PolicyName VARCHAR(256), 
	Description VARCHAR(2048) NOT NULL, 
	PRIMARY KEY (Party_PartyName, PolicyName),
	FOREIGN KEY (Party_PartyName) REFERENCES Party ON DELETE CASCADE
);

CREATE TABLE Province (
	Name VARCHAR(256) PRIMARY KEY, 
	Premier VARCHAR(256)
);

CREATE TABLE Riding (
	ID INTEGER PRIMARY KEY, 
	Population INTEGER NOT NULL, 
	Name VARCHAR(256) UNIQUE NOT NULL, 
	Province_Name VARCHAR(256) NOT NULL,
	FOREIGN KEY (Province_Name) REFERENCES Province (Name) ON DELETE CASCADE
);

CREATE TABLE PollingStation (
	Name VARCHAR(256) PRIMARY KEY, 
	StreetAddress VARCHAR(256) NOT NULL, 
	PostalCode VARCHAR(256) NOT NULL, 
	Riding_ID INTEGER NOT NULL,
	FOREIGN KEY (Riding_ID) REFERENCES Riding (ID) ON DELETE CASCADE,
	FOREIGN KEY (PostalCode) REFERENCES PostalCode_City_Province (PostalCode) ON DELETE CASCADE
);

CREATE TABLE Voter (
	SIN INTEGER PRIMARY KEY, 
	Email VARCHAR(256) UNIQUE, 
	FullName VARCHAR(256) NOT NULL, 
	DOB VARCHAR(256) NOT NULL, 
	Voted INTEGER NOT NULL, 
	Party_PartyName VARCHAR(256),
	Role VARCHAR(256), 
	StreetAddress VARCHAR(256) NOT NULL, 
	PostalCode VARCHAR(256) NOT NULL,
	FOREIGN KEY (Party_PartyName) REFERENCES Party (PartyName) ON DELETE SET NULL,
	FOREIGN KEY (PostalCode) REFERENCES PostalCode_City_Province (PostalCode) ON DELETE CASCADE
);

CREATE TABLE Candidate (
	SIN INTEGER PRIMARY KEY, 
	Votes INTEGER NOT NULL, 
	Incumbent INTEGER NOT NULL, 
	Parliament_Country VARCHAR(256), 
	Riding_ID INTEGER NOT NULL,
	FOREIGN KEY (SIN) REFERENCES VOTER (SIN),
	FOREIGN KEY (Parliament_Country) REFERENCES Parliament (Country) ON DELETE SET NULL,
	FOREIGN KEY (Riding_ID) REFERENCES Riding (ID) ON DELETE CASCADE
);

CREATE TABLE Ballot (
	ID INTEGER GENERATED BY DEFAULT ON NULL AS IDENTITY PRIMARY KEY, 
	Choice VARCHAR(256), 
	Voter_SIN INTEGER UNIQUE, 
	PollingStation_Name VARCHAR(256),
	FOREIGN KEY (Voter_SIN) REFERENCES Voter (SIN) ON DELETE CASCADE,
	FOREIGN KEY (PollingStation_Name) REFERENCES PollingStation (Name) ON DELETE CASCADE
);

-- Parliament Insert Statements

Insert Into PostalCode_City_Province (PostalCode, City, Province)
Values ('K1A0A9', 'Ottawa', 'Ontario');
Insert
Into Parliament (Country, StreetAddress, PostalCode)
Values ('Canada', '111 Wellington St', 'K1A0A9');

-- Party Insert Statements

Insert
Into Party (PartyName, FoundingYear, Incumbent)
Values ('Liberal Party', 1867, 1);

Insert
Into Party (PartyName, FoundingYear, Incumbent)
Values ('Conservative Party', 2003, 0);

Insert
Into Party (PartyName, FoundingYear, Incumbent)
Values ('New Democratic Party', 1961, 0);

Insert
Into Party (PartyName, FoundingYear, Incumbent)
Values ('Bloc Quebecois', 1991, 0);

Insert
Into Party (PartyName, FoundingYear, Incumbent)
Values ('Green Party', 1983, 0);

-- Policy Insert Statements

Insert
Into Policy (Party_PartyName, PolicyName, Description)
Values ('Liberal Party', 'Affordable Housing', 'Building 160,000 new homes; improving access to safe, stable, sustainable and affordable housing');

Insert
Into Policy (Party_PartyName, PolicyName, Description)
Values ('Liberal Party', 'Primary Health Care Availability', 'Take immediate steps to fund, streamline and/or shorten processes, and increase the capacities to qualify foreign trained professionals on an expedited basis, with an emphasis on primary health care');

Insert
Into Policy (Party_PartyName, PolicyName, Description)
Values ('Conservative Party', 'Senate Reform', 'The election of senators to address the uneven distribution of Canada''s population and to provide a balance to safeguard regional interests');

Insert
Into Policy (Party_PartyName, PolicyName, Description)
Values ('New Democratic Party', 'Physical Infrastructure and Transportation', 'Improving rail travel for both passengers and goods and developing proposals for high-speed systems');

Insert
Into Policy (Party_PartyName, PolicyName, Description)
Values ('Green Party', 'Forest Management', 'The permanent protection of all remaining high-risk old-growth ecosystems and establishing a 21st Century regulatory framework for forestry management');

Insert
Into Policy (Party_PartyName, PolicyName, Description)
Values ('Conservative Party', 'Affordable Housing', 'Require big, unaffordable cities to build more homes and speed up the rate at which they build homes every year to meet our housing targets. Cities must increase the number of homes built by 15% each year and then 15% on top of the previous target every single year (it compounds). If targets are missed, cities will have to catch up in the following years and build even more homes, or a percentage of their federal funding will be withheld, equivalent to the percentage they missed their target by. Municipalities can be added if the region that they are a part of meets these criteria.');

Insert
Into Policy (Party_PartyName, PolicyName, Description)
Values ('New Democratic Party', 'Affordable Housing', 'Create at least 500,000 units of quality, affordable housing in the next ten years, with half of that done within five years. This will be achieved with the right mix of effective measures that work in partnership with provinces and municipalities, build capacity for social, community, and affordable housing providers, to provide rental support for co-ops, and meet environmental energy efficiency goals.create at least 500,000 units of quality, affordable housing in the next ten years, with half of that done within five years. This will be achieved with the right mix of effective measures that work in partnership with provinces and municipalities, build capacity for social, community, and affordable housing providers, to provide rental support for co-ops, and meet environmental energy efficiency goals.');

Insert
Into Policy (Party_PartyName, PolicyName, Description)
Values ('Green Party', 'Affordable Housing', 'Declare a national housing affordability and homelessness emergency and establish a national moratorium on evictions and residential arrears assistance');

Insert
Into Policy (Party_PartyName, PolicyName, Description)
Values ('Bloc Quebecois', 'Affordable Housing', 'Annual federal funding should gradually increase to the point where it becomes equivalent to 1% of annual federal revenue.');

-- Province Insert Statements

Insert
Into Province (Name, Premier)
Values ('British Columbia', 'David Eby');

Insert
Into Province (Name, Premier)
Values ('Alberta', 'Danielle Smith');

Insert
Into Province (Name, Premier)
Values ('Saskatchewan', 'Scott Moe');

Insert
Into Province (Name, Premier)
Values ('Manitoba', 'Wab Kinew');

Insert
Into Province (Name, Premier)
Values ('Ontario', 'Doug Ford');

Insert
Into Province (Name, Premier)
Values ('Quebec', 'François Legault');

Insert
Into Province (Name, Premier)
Values ('New Brunswick', 'Susan Holt');

Insert
Into Province (Name, Premier)
Values ('Newfoundland and Labrador', 'Andrew Furey');

Insert
Into Province (Name, Premier)
Values ('Nova Scotia', 'Tim Houston');

Insert
Into Province (Name, Premier)
Values ('Prince Edward Island', 'Dennis King');

-- Riding Insert Statements

Insert
Into Riding (ID, Population, Name, Province_Name)
Values (59001, 116265, 'Abbotsford-South Langley', 'British Columbia');

Insert
Into Riding (ID, Population, Name, Province_Name)
Values (59002, 120734, 'Burnaby Central', 'British Columbia');

Insert
Into Riding (ID, Population, Name, Province_Name)
Values (59003, 102486, 'Burnaby North-Seymour', 'British Columbia');

Insert
Into Riding (ID, Population, Name, Province_Name)
Values (59004, 108252, 'Cariboo-Prince George', 'British Columbia');

Insert
Into Riding (ID, Population, Name, Province_Name)
Values (59005, 92734, 'Chilliwack-Hope', 'British Columbia');

Insert
Into Riding (ID, Population, Name, Province_Name)
Values (59006, 117640, 'Cloverdale-Langley City', 'British Columbia');

Insert
Into Riding (ID, Population, Name, Province_Name)
Values (59007, 107589, 'Columbia-Kootenay-Southern Rockies', 'British Columbia');

Insert
Into Riding (ID, Population, Name, Province_Name)
Values (59008, 123576, 'Coquitlam-Port Coquitlam', 'British Columbia');

Insert
Into Riding (ID, Population, Name, Province_Name)
Values (59009, 110391, 'Courtenay-Alberni', 'British Columbia');

Insert
Into Riding (ID, Population, Name, Province_Name)
Values (59010, 99160, 'Cowichan-Malahat-Langford', 'British Columbia');

Insert
Into Riding (ID, Population, Name, Province_Name)
Values (59011, 103064, 'Delta', 'British Columbia');

Insert
Into Riding (ID, Population, Name, Province_Name)
Values (59012, 113004, 'Esquimalt-Saanich-Sooke', 'British Columbia');

Insert
Into Riding (ID, Population, Name, Province_Name)
Values (59013, 109742, 'Fleetwood-Port Kells', 'British Columbia');

Insert
Into Riding (ID, Population, Name, Province_Name)
Values (59014, 109218, 'Kamloops-Shuswap-Central Rockies', 'British Columbia');

Insert
Into Riding (ID, Population, Name, Province_Name)
Values (59015, 111707, 'Kamloops-Thompson-Nicola', 'British Columbia');

Insert
Into Riding (ID, Population, Name, Province_Name)
Values (59016, 105736, 'Kelowna', 'British Columbia');

Insert
Into Riding (ID, Population, Name, Province_Name)
Values (59017, 117251, 'Langley Township-Fraser Heights', 'British Columbia');

Insert
Into Riding (ID, Population, Name, Province_Name)
Values (59018, 118415, 'Mission-Matsqui-Abbotsford', 'British Columbia');

Insert
Into Riding (ID, Population, Name, Province_Name)
Values (59019, 122857, 'Nanaimo-Ladysmith', 'British Columbia');

Insert
Into Riding (ID, Population, Name, Province_Name)
Values (59020, 114665, 'New Westminster-Burnaby-Maillardville', 'British Columbia');

Insert
Into Riding (ID, Population, Name, Province_Name)
Values (59021, 125925, 'North Island-Powell River', 'British Columbia');

Insert
Into Riding (ID, Population, Name, Province_Name)
Values (59022, 116055, 'North Vancouver-Capilano', 'British Columbia');

Insert
Into Riding (ID, Population, Name, Province_Name)
Values (59023, 106794, 'Okanagan Lake West-South Kelowna', 'British Columbia');

Insert
Into Riding (ID, Population, Name, Province_Name)
Values (59024, 116916, 'Pitt Meadows-Maple Ridge', 'British Columbia');

Insert
Into Riding (ID, Population, Name, Province_Name)
Values (59025, 115367, 'Port Moody-Coquitlam', 'British Columbia');

Insert
Into Riding (ID, Population, Name, Province_Name)
Values (59026, 116962, 'Prince George-Peace River-Northern Rockies', 'British Columbia');

Insert
Into Riding (ID, Population, Name, Province_Name)
Values (59027, 116380, 'Richmond Centre-Marpole', 'British Columbia');

Insert
Into Riding (ID, Population, Name, Province_Name)
Values (59028, 116141, 'Richmond East-Steveston', 'British Columbia');

Insert
Into Riding (ID, Population, Name, Province_Name)
Values (59029, 122147, 'Saanich-Gulf Islands', 'British Columbia');

Insert
Into Riding (ID, Population, Name, Province_Name)
Values (59030, 111246, 'Similkameen-South Okanagan-West Kootenay', 'British Columbia');

Insert
Into Riding (ID, Population, Name, Province_Name)
Values (59031, 89689, 'Skeena-Bulkley Valley', 'British Columbia');

Insert
Into Riding (ID, Population, Name, Province_Name)
Values (59032, 118278, 'South Surrey-White Rock', 'British Columbia');

Insert
Into Riding (ID, Population, Name, Province_Name)
Values (59033, 119724, 'Surrey Centre', 'British Columbia');

Insert
Into Riding (ID, Population, Name, Province_Name)
Values (59034, 119560, 'Surrey Newton', 'British Columbia');

Insert
Into Riding (ID, Population, Name, Province_Name)
Values (59035, 115964, 'Vancouver Centre', 'British Columbia');

Insert
Into Riding (ID, Population, Name, Province_Name)
Values (59036, 118675, 'Vancouver East', 'British Columbia');

Insert
Into Riding (ID, Population, Name, Province_Name)
Values (59037, 117482, 'Vancouver Fraserview-South Burnaby', 'British Columbia');

Insert
Into Riding (ID, Population, Name, Province_Name)
Values (59038, 116798, 'Vancouver Granville', 'British Columbia');

Insert
Into Riding (ID, Population, Name, Province_Name)
Values (59039, 116499, 'Vancouver Kingsway', 'British Columbia');

Insert
Into Riding (ID, Population, Name, Province_Name)
Values (59040, 114779, 'Vancouver Quadra', 'British Columbia');

Insert
Into Riding (ID, Population, Name, Province_Name)
Values (59041, 108606, 'Vernon-Lake Country-Monashee', 'British Columbia');

Insert
Into Riding (ID, Population, Name, Province_Name)
Values (59042, 123482, 'Victoria', 'British Columbia');

Insert
Into Riding (ID, Population, Name, Province_Name)
Values (59043, 114257, 'West Vancouver-Sunshine Coast-Sea to Sky Country', 'British Columbia');


-- Polling Station Insert Statements

Insert Into PostalCode_City_Province (PostalCode, City, Province)
Values ('V4X1K6', 'Abbotsford', 'British Columbia');
Insert
Into PollingStation (Name, StreetAddress, PostalCode, Riding_ID)
Values ('Aberdeen Elementary School', '2975 Bradner Rd', 'V4X1K6', 59001);

Insert Into PostalCode_City_Province (PostalCode, City, Province)
Values ('V5G2B2', 'Burnaby', 'British Columbia');
Insert
Into PollingStation (Name, StreetAddress, PostalCode, Riding_ID)
Values ('Gilpin Elementary School', '5490 Eglinton St', 'V5G2B2', 59002);

Insert Into PostalCode_City_Province (PostalCode, City, Province)
Values ('V7H1H5', 'North Vancouver', 'British Columbia');
Insert
Into PollingStation (Name, StreetAddress, PostalCode, Riding_ID)
Values ('Seymour Heights Elementary School', '2640 Carnation St', 'V7H1H5', 59003);

Insert Into PostalCode_City_Province (PostalCode, City, Province)
Values ('V2G1T3', 'Williams Lake', 'British Columbia');
Insert
Into PollingStation (Name, StreetAddress, PostalCode, Riding_ID)
Values ('Lake City Secondary', '640 Carson Dr', 'V2G1T3', 59004);

Insert Into PostalCode_City_Province (PostalCode, City, Province)
Values ('V2R2Z6', 'Chilliwack', 'British Columbia');
Insert
Into PollingStation (Name, StreetAddress, PostalCode, Riding_ID)
Values ('Sardis Secondary', '45460 Stevenson Rd', 'V2R2Z6', 59005);

Insert Into PostalCode_City_Province (PostalCode, City, Province)
Values ('V3S4L5', 'Surrey', 'British Columbia');
Insert
Into PollingStation (Name, StreetAddress, PostalCode, Riding_ID)
Values ('Lord Tweedsmuir Secondary School', '6151 180 St', 'V3S4L5', 59006);

Insert Into PostalCode_City_Province (PostalCode, City, Province)
Values ('V1C1L6', 'Cranbrook', 'British Columbia');
Insert
Into PollingStation (Name, StreetAddress, PostalCode, Riding_ID)
Values ('Amy Woodland Elementary School', '911 6th St S', 'V1C1L6', 59007);

Insert Into PostalCode_City_Province (PostalCode, City, Province)
Values ('V3C1N1', 'Port Coquitlam', 'British Columbia');
Insert
Into PollingStation (Name, StreetAddress, PostalCode, Riding_ID)
Values ('Ecole Pitt River Community Middle School', '2070 Tyner St', 'V3C1N1', 59008);

Insert Into PostalCode_City_Province (PostalCode, City, Province)
Values ('V9Y6P6', 'Port Alberni', 'British Columbia');
Insert
Into PollingStation (Name, StreetAddress, PostalCode, Riding_ID)
Values ('Ecole Alberni Elementary', '4645 Helen St', 'V9Y6P6', 59009);

Insert Into PostalCode_City_Province (PostalCode, City, Province)
Values ('V0R2G0', 'Lake Cowichan', 'British Columbia');
Insert
Into PollingStation (Name, StreetAddress, PostalCode, Riding_ID)
Values ('Lake Cowichan Secondary', '68 S Shore Rd', 'V0R2G0', 59010);

Insert Into PostalCode_City_Province (PostalCode, City, Province)
Values ('V4K1C1', 'Delta', 'British Columbia');
Insert
Into PollingStation (Name, StreetAddress, PostalCode, Riding_ID)
Values ('Ladner Elementary', '5016 44 Ave', 'V4K1C1', 59011);

Insert Into PostalCode_City_Province (PostalCode, City, Province)
Values ('V9A2R3', 'Victoria', 'British Columbia');
Insert
Into PollingStation (Name, StreetAddress, PostalCode, Riding_ID)
Values ('Craigflower Elementary School', '2766 Admirals Rd', 'V9A2R3', 59012);

Insert Into PostalCode_City_Province (PostalCode, City, Province)
Values ('V4N0N5', 'Surrey', 'British Columbia');
Insert
Into PollingStation (Name, StreetAddress, PostalCode, Riding_ID)
Values ('Walnut Road Elementary School', '16152 82 Ave', 'V4N0N5', 59013);

Insert Into PostalCode_City_Province (PostalCode, City, Province)
Values ('V1E2S5', 'Salmon Arm', 'British Columbia');
Insert
Into PollingStation (Name, StreetAddress, PostalCode, Riding_ID)
Values ('J.L. Jackson Secondary', '551 14 St NE', 'V1E2S5', 59014);

Insert Into PostalCode_City_Province (PostalCode, City, Province)
Values ('V2B5H1', 'Kamloops', 'British Columbia');
Insert
Into PollingStation (Name, StreetAddress, PostalCode, Riding_ID)
Values ('George Hilliard Elementary School', '985 Holt St', 'V2B5H1', 59015);

Insert Into PostalCode_City_Province (PostalCode, City, Province)
Values ('V1V1R3', 'Kelowna', 'British Columbia');
Insert
Into PollingStation (Name, StreetAddress, PostalCode, Riding_ID)
Values ('Watson Road Elementary', '475 Yates Rd', 'V1V1R3', 59016);

Insert Into PostalCode_City_Province (PostalCode, City, Province)
Values ('V2Y1X6', 'Langley Twp', 'British Columbia');
Insert
Into PollingStation (Name, StreetAddress, PostalCode, Riding_ID)
Values ('Willoughby Elementary', '20766 80 Ave', 'V2Y1X6', 59017);

Insert Into PostalCode_City_Province (PostalCode, City, Province)
Values ('V2V6L4', 'Mission 1', 'British Columbia');
Insert
Into PollingStation (Name, StreetAddress, PostalCode, Riding_ID)
Values ('Mission Central Elementary', '7466 Welton St', 'V2V6L4', 59018);

Insert Into PostalCode_City_Province (PostalCode, City, Province)
Values ('V9R4N6', 'Nanaimo', 'British Columbia');
Insert
Into PollingStation (Name, StreetAddress, PostalCode, Riding_ID)
Values ('Bayview Elementary School', '140 View St', 'V9R4N6', 59019);

Insert Into PostalCode_City_Province (PostalCode, City, Province)
Values ('V3M3S9', 'New Westminster', 'British Columbia');
Insert
Into PollingStation (Name, StreetAddress, PostalCode, Riding_ID)
Values ('New Westminster Secondary School', '820 6th St', 'V3M3S9', 59020);

Insert Into PostalCode_City_Province (PostalCode, City, Province)
Values ('V9W2V3', 'Campbell River', 'British Columbia');
Insert
Into PollingStation (Name, StreetAddress, PostalCode, Riding_ID)
Values ('Cedar Elementary School', '261 Cedar St', 'V9W2V3', 59021);

Insert Into PostalCode_City_Province (PostalCode, City, Province)
Values ('V7M0A1', 'North Vancouver', 'British Columbia');
Insert
Into PollingStation (Name, StreetAddress, PostalCode, Riding_ID)
Values ('Westview Elementary School', '641 17th Street West', 'V7M0A1', 59022);

Insert Into PostalCode_City_Province (PostalCode, City, Province)
Values ('V4T1T2', 'West Kelowna', 'British Columbia');
Insert
Into PollingStation (Name, StreetAddress, PostalCode, Riding_ID)
Values ('Shannon Lake Elementary', '3044 Sandstone Dr', 'V4T1T2', 59023);

Insert Into PostalCode_City_Province (PostalCode, City, Province)
Values ('V2X3X2', 'Maple Ridge', 'British Columbia');
Insert
Into PollingStation (Name, StreetAddress, PostalCode, Riding_ID)
Values ('Maple Ridge Secondary', '21911 122 Ave', 'V2X3X2', 59024);

Insert Into PostalCode_City_Province (PostalCode, City, Province)
Values ('V3H4N3', 'Port Moody', 'British Columbia');
Insert
Into PollingStation (Name, StreetAddress, PostalCode, Riding_ID)
Values ('Mountain Meadows Elementary School', '999 Noons Creek Dr', 'V3H4N3', 59025);

Insert Into PostalCode_City_Province (PostalCode, City, Province)
Values ('V1J3R3', 'Fort St John', 'British Columbia');
Insert
Into PollingStation (Name, StreetAddress, PostalCode, Riding_ID)
Values ('Alwin Holland Elementary', '10615 96 St', 'V1J3R3', 59026);

Insert Into PostalCode_City_Province (PostalCode, City, Province)
Values ('V6X1E1', 'Richmond', 'British Columbia');
Insert
Into PollingStation (Name, StreetAddress, PostalCode, Riding_ID)
Values ('Tomsett Elementary School', '9671 Odlin Rd', 'V6X1E1', 59027);

Insert Into PostalCode_City_Province (PostalCode, City, Province)
Values ('V7A3B5', 'Richmond', 'British Columbia');
Insert
Into PollingStation (Name, StreetAddress, PostalCode, Riding_ID)
Values ('Kingswood Elementary School', '11511 King Rd', 'V7A3B5', 59028);

Insert Into PostalCode_City_Province (PostalCode, City, Province)
Values ('V8P2S6', 'Victoria', 'British Columbia');
Insert
Into PollingStation (Name, StreetAddress, PostalCode, Riding_ID)
Values ('Braefoot Elementary School', '1440 Harrop Rd', 'V8P2S6', 59029);

Insert Into PostalCode_City_Province (PostalCode, City, Province)
Values ('V0X1N2', 'Keremeos', 'British Columbia');
Insert
Into PollingStation (Name, StreetAddress, PostalCode, Riding_ID)
Values ('Sess', '830 2 Ave', 'V0X1N2', 59030);

Insert Into PostalCode_City_Province (PostalCode, City, Province)
Values ('V0J2J0', 'New Hazelton', 'British Columbia');
Insert
Into PollingStation (Name, StreetAddress, PostalCode, Riding_ID)
Values ('New Hazelton Elementary', '3275 Bowser St', 'V0J2J0', 59031);

Insert Into PostalCode_City_Province (PostalCode, City, Province)
Values ('V4P2K5', 'Surrey', 'British Columbia');
Insert
Into PollingStation (Name, StreetAddress, PostalCode, Riding_ID)
Values ('Chantrell Creek Elementary', '2575 137 St', 'V4P2K5', 59032);

Insert Into PostalCode_City_Province (PostalCode, City, Province)
Values ('V3T4L9', 'Surrey', 'British Columbia');
Insert
Into PollingStation (Name, StreetAddress, PostalCode, Riding_ID)
Values ('Forsyth Road Elementary School', '10730 139 St', 'V3T4L9', 59033);

Insert Into PostalCode_City_Province (PostalCode, City, Province)
Values ('V3W8N2', 'Surrey', 'British Columbia');
Insert
Into PollingStation (Name, StreetAddress, PostalCode, Riding_ID)
Values ('Strawberry Hill Elementary School', '7633 124 St', 'V3W8N2', 59034);

Insert Into PostalCode_City_Province (PostalCode, City, Province)
Values ('V6E1J2', 'Vancouver', 'British Columbia');
Insert
Into PollingStation (Name, StreetAddress, PostalCode, Riding_ID)
Values ('Roberts Annex Elementary', '1150 Nelson St', 'V6E1J2', 59035);

Insert Into PostalCode_City_Province (PostalCode, City, Province)
Values ('V5L3T5', 'Vancouver', 'British Columbia');
Insert
Into PollingStation (Name, StreetAddress, PostalCode, Riding_ID)
Values ('Britannia Elementary School', '1110 Cotton Dr', 'V5L3T5', 59036);

Insert Into PostalCode_City_Province (PostalCode, City, Province)
Values ('V5P2L5', 'Vancouver', 'British Columbia');
Insert
Into PollingStation (Name, StreetAddress, PostalCode, Riding_ID)
Values ('David Oppenheimer Elementary School', '2421 Scarboro Ave', 'V5P2L5', 59037);

Insert Into PostalCode_City_Province (PostalCode, City, Province)
Values ('V6J4G3', 'Vancouver', 'British Columbia');
Insert
Into PollingStation (Name, StreetAddress, PostalCode, Riding_ID)
Values ('Shaughnessy Elementary School', '4250 Marguerite St', 'V6J4G3', 59038);

Insert Into PostalCode_City_Province (PostalCode, City, Province)
Values ('V5N4Z2', 'Vancouver', 'British Columbia');
Insert
Into PollingStation (Name, StreetAddress, PostalCode, Riding_ID)
Values ('Gladstone Secondary School', '4105 Gladstone St', 'V5N4Z2', 59039);

Insert Into PostalCode_City_Province (PostalCode, City, Province)
Values ('V6R3E3', 'Vancouver', 'British Columbia');
Insert
Into PollingStation (Name, StreetAddress, PostalCode, Riding_ID)
Values ('Queen Elizabeth Elementary School', '4102 W 16th Ave', 'V6R3E3', 59040);

Insert Into PostalCode_City_Province (PostalCode, City, Province)
Values ('V1T2R6', 'Vernon', 'British Columbia');
Insert
Into PollingStation (Name, StreetAddress, PostalCode, Riding_ID)
Values ('Silver Star Elementary School', '1404 35 Ave', 'V1T2R6', 59041);

Insert Into PostalCode_City_Province (PostalCode, City, Province)
Values ('V8R4B2', 'Victoria', 'British Columbia');
Insert
Into PollingStation (Name, StreetAddress, PostalCode, Riding_ID)
Values ('Oaklands Elementary School', '2827 Belmont Ave #1', 'V8R4B2', 59042);

Insert Into PostalCode_City_Province (PostalCode, City, Province)
Values ('V7W2M8', 'West Vancouver', 'British Columbia');
Insert
Into PollingStation (Name, StreetAddress, PostalCode, Riding_ID)
Values ('Caulfeild Elementary School', '4685 Keith Rd', 'V7W2M8', 59043);

-- Candidate-Voter Insert Statements

Insert Into Voter (SIN, Email, FullName, DOB, Voted, Party_PartyName, Role, StreetAddress, PostalCode)
Values (123456789, 'RainardAbraham@example.com', 'Rainard Abraham', '1972-02-22', 1, 'Liberal Party', 'Candidate', '2975 Bradner Rd', 'V4X1K6');
Insert Into Candidate (SIN, Votes, Incumbent, Parliament_Country, Riding_ID)
Values (123456789, 1, 0, NULL, 59001);

Insert Into Voter (SIN, Email, FullName, DOB, Voted, Party_PartyName, Role, StreetAddress, PostalCode)
Values (123456790, 'LuciaMack@example.com', 'Lucia Mack', '1972-04-14', 1, 'Conservative Party', 'Candidate', '2975 Bradner Rd', 'V4X1K6');
Insert Into Candidate (SIN, Votes, Incumbent, Parliament_Country, Riding_ID)
Values (123456790, 1, 0, NULL, 59001);

Insert Into Voter (SIN, Email, FullName, DOB, Voted, Party_PartyName, Role, StreetAddress, PostalCode)
Values (123456791, 'TriaElliott@example.com', 'Tria Elliott', '1972-06-26', 1, 'New Democratic Party', 'Candidate', '2975 Bradner Rd', 'V4X1K6');
Insert Into Candidate (SIN, Votes, Incumbent, Parliament_Country, Riding_ID)
Values (123456791, 1, 0, NULL, 59001);


Insert Into Voter (SIN, Email, FullName, DOB, Voted, Party_PartyName, Role, StreetAddress, PostalCode)
Values (123456792, 'LannyAbram@example.com', 'Lanny Abram', '1974-01-05', 1, 'Liberal Party', 'Candidate', '5490 Eglinton St', 'V5G2B2');
Insert Into Candidate (SIN, Votes, Incumbent, Parliament_Country, Riding_ID)
Values (123456792, 1, 0, NULL, 59002);

Insert Into Voter (SIN, Email, FullName, DOB, Voted, Party_PartyName, Role, StreetAddress, PostalCode)
Values (123456793, 'BeckahBonney@example.com', 'Beckah Bonney', '1974-11-16', 1, 'Conservative Party', 'Candidate', '5490 Eglinton St', 'V5G2B2');
Insert Into Candidate (SIN, Votes, Incumbent, Parliament_Country, Riding_ID)
Values (123456793, 1, 0, NULL, 59002);

Insert Into Voter (SIN, Email, FullName, DOB, Voted, Party_PartyName, Role, StreetAddress, PostalCode)
Values (123456794, 'EsmeePocock@example.com', 'Esmee Pocock', '1977-06-17', 1, 'New Democratic Party', 'Candidate', '5490 Eglinton St', 'V5G2B2');
Insert Into Candidate (SIN, Votes, Incumbent, Parliament_Country, Riding_ID)
Values (123456794, 1, 0, NULL, 59002);


Insert Into Voter (SIN, Email, FullName, DOB, Voted, Party_PartyName, Role, StreetAddress, PostalCode)
Values (123456795, 'MerlaAbney@example.com', 'Merla Abney', '1977-07-08', 1, 'Liberal Party', 'Candidate', '2640 Carnation St', 'V7H1H5');
Insert Into Candidate (SIN, Votes, Incumbent, Parliament_Country, Riding_ID)
Values (123456795, 1, 0, NULL, 59003);

Insert Into Voter (SIN, Email, FullName, DOB, Voted, Party_PartyName, Role, StreetAddress, PostalCode)
Values (123456796, 'RobynneGarfield@example.com', 'Robynne Garfield', '1977-11-27', 1, 'Conservative Party', 'Candidate', '2640 Carnation St', 'V7H1H5');
Insert Into Candidate (SIN, Votes, Incumbent, Parliament_Country, Riding_ID)
Values (123456796, 1, 0, NULL, 59003);

Insert Into Voter (SIN, Email, FullName, DOB, Voted, Party_PartyName, Role, StreetAddress, PostalCode)
Values (123456797, 'RoydonBoone@example.com', 'Roydon Boone', '1979-03-03', 1, 'New Democratic Party', 'Candidate', '2640 Carnation St', 'V7H1H5');
Insert Into Candidate (SIN, Votes, Incumbent, Parliament_Country, Riding_ID)
Values (123456797, 1, 0, NULL, 59003);


Insert Into Voter (SIN, Email, FullName, DOB, Voted, Party_PartyName, Role, StreetAddress, PostalCode)
Values (123456798, 'RaymondWestley@example.com', 'Raymond Westley', '1980-02-02', 1, 'Liberal Party', 'Candidate', '640 Carson Dr', 'V2G1T3');
Insert Into Candidate (SIN, Votes, Incumbent, Parliament_Country, Riding_ID)
Values (123456798, 1, 0, NULL, 59004);

Insert Into Voter (SIN, Email, FullName, DOB, Voted, Party_PartyName, Role, StreetAddress, PostalCode)
Values (123456799, 'BradfordCory@example.com', 'Bradford Cory', '1980-11-27', 1, 'Conservative Party', 'Candidate', '640 Carson Dr', 'V2G1T3');
Insert Into Candidate (SIN, Votes, Incumbent, Parliament_Country, Riding_ID)
Values (123456799, 1, 0, NULL, 59004);

Insert Into Voter (SIN, Email, FullName, DOB, Voted, Party_PartyName, Role, StreetAddress, PostalCode)
Values (123456800, 'AdelynLukeson@example.com', 'Adelyn Lukeson', '1983-09-15', 1, 'New Democratic Party', 'Candidate', '640 Carson Dr', 'V2G1T3');
Insert Into Candidate (SIN, Votes, Incumbent, Parliament_Country, Riding_ID)
Values (123456800, 1, 0, NULL, 59004);


Insert Into Voter (SIN, Email, FullName, DOB, Voted, Party_PartyName, Role, StreetAddress, PostalCode)
Values (123456801, 'DarellBeverly@example.com', 'Darell Beverly', '1985-03-23', 1, 'Liberal Party', 'Candidate', '45460 Stevenson Rd', 'V2R2Z6');
Insert Into Candidate (SIN, Votes, Incumbent, Parliament_Country, Riding_ID)
Values (123456801, 1, 0, NULL, 59005);

Insert Into Voter (SIN, Email, FullName, DOB, Voted, Party_PartyName, Role, StreetAddress, PostalCode)
Values (123456802, 'FrederickDodge@example.com', 'Frederick Dodge', '1987-05-10', 1, 'Conservative Party', 'Candidate', '45460 Stevenson Rd', 'V2R2Z6');
Insert Into Candidate (SIN, Votes, Incumbent, Parliament_Country, Riding_ID)
Values (123456802, 1, 0, NULL, 59005);

Insert Into Voter (SIN, Email, FullName, DOB, Voted, Party_PartyName, Role, StreetAddress, PostalCode)
Values (123456803, 'PaisleyLynton@example.com', 'Paisley Lynton', '1989-05-15', 1, 'New Democratic Party', 'Candidate', '45460 Stevenson Rd', 'V2R2Z6');
Insert Into Candidate (SIN, Votes, Incumbent, Parliament_Country, Riding_ID)
Values (123456803, 1, 0, NULL, 59005);


Insert Into Voter (SIN, Email, FullName, DOB, Voted, Party_PartyName, Role, StreetAddress, PostalCode)
Values (123456804, 'NovaleeWolf@example.com', 'Novalee Wolf', '1990-04-17', 1, 'Liberal Party', 'Candidate', '6151 180 St', 'V3S4L5');
Insert Into Candidate (SIN, Votes, Incumbent, Parliament_Country, Riding_ID)
Values (123456804, 1, 0, NULL, 59006);

Insert Into Voter (SIN, Email, FullName, DOB, Voted, Party_PartyName, Role, StreetAddress, PostalCode)
Values (123456805, 'SunshineTupper@example.com', 'Sunshine Tupper', '1992-06-27', 1, 'Conservative Party', 'Candidate', '6151 180 St', 'V3S4L5');
Insert Into Candidate (SIN, Votes, Incumbent, Parliament_Country, Riding_ID)
Values (123456805, 1, 0, NULL, 59006);

Insert Into Voter (SIN, Email, FullName, DOB, Voted, Party_PartyName, Role, StreetAddress, PostalCode)
Values (123456806, 'CyndiBernard@example.com', 'Cyndi Bernard', '1992-11-23', 1, 'New Democratic Party', 'Candidate', '6151 180 St', 'V3S4L5');
Insert Into Candidate (SIN, Votes, Incumbent, Parliament_Country, Riding_ID)
Values (123456806, 1, 0, NULL, 59006);


Insert Into Voter (SIN, Email, FullName, DOB, Voted, Party_PartyName, Role, StreetAddress, PostalCode)
Values (123456807, 'AliseKellogg@example.com', 'Alise Kellogg', '1993-05-05', 1, 'Liberal Party', 'Candidate', '911 6th St S', 'V1C1L6');
Insert Into Candidate (SIN, Votes, Incumbent, Parliament_Country, Riding_ID)
Values (123456807, 1, 0, NULL, 59007);

Insert Into Voter (SIN, Email, FullName, DOB, Voted, Party_PartyName, Role, StreetAddress, PostalCode)
Values (123456808, 'RaeLaw@example.com', 'Rae Law', '1994-05-16', 1, 'Conservative Party', 'Candidate', '911 6th St S', 'V1C1L6');
Insert Into Candidate (SIN, Votes, Incumbent, Parliament_Country, Riding_ID)
Values (123456808, 1, 0, NULL, 59007);

Insert Into Voter (SIN, Email, FullName, DOB, Voted, Party_PartyName, Role, StreetAddress, PostalCode)
Values (123456809, 'MaurineJosephson@example.com', 'Maurine Josephson', '1995-10-03', 1, 'New Democratic Party', 'Candidate', '911 6th St S', 'V1C1L6');
Insert Into Candidate (SIN, Votes, Incumbent, Parliament_Country, Riding_ID)
Values (123456809, 1, 0, NULL, 59007);


Insert Into Voter (SIN, Email, FullName, DOB, Voted, Party_PartyName, Role, StreetAddress, PostalCode)
Values (123456810, 'DoriaHoggard@example.com', 'Doria Hoggard', '1996-02-17', 1, 'Liberal Party', 'Candidate', '2070 Tyner St', 'V3C1N1');
Insert Into Candidate (SIN, Votes, Incumbent, Parliament_Country, Riding_ID)
Values (123456810, 1, 0, NULL, 59008);

Insert Into Voter (SIN, Email, FullName, DOB, Voted, Party_PartyName, Role, StreetAddress, PostalCode)
Values (123456811, 'FredaReaddie@example.com', 'Freda Readdie', '1997-02-12', 1, 'Conservative Party', 'Candidate', '2070 Tyner St', 'V3C1N1');
Insert Into Candidate (SIN, Votes, Incumbent, Parliament_Country, Riding_ID)
Values (123456811, 1, 0, NULL, 59008);

Insert Into Voter (SIN, Email, FullName, DOB, Voted, Party_PartyName, Role, StreetAddress, PostalCode)
Values (123456812, 'MableReid@example.com', 'Mable Reid', '1997-05-19', 1, 'New Democratic Party', 'Candidate', '2070 Tyner St', 'V3C1N1');
Insert Into Candidate (SIN, Votes, Incumbent, Parliament_Country, Riding_ID)
Values (123456812, 1, 0, NULL, 59008);


Insert Into Voter (SIN, Email, FullName, DOB, Voted, Party_PartyName, Role, StreetAddress, PostalCode)
Values (123456813, 'ShariBannister@example.com', 'Shari Bannister', '2000-04-26', 1, 'Liberal Party', 'Candidate', '4645 Helen St', 'V9Y6P6');
Insert Into Candidate (SIN, Votes, Incumbent, Parliament_Country, Riding_ID)
Values (123456813, 1, 0, NULL, 59009);

Insert Into Voter (SIN, Email, FullName, DOB, Voted, Party_PartyName, Role, StreetAddress, PostalCode)
Values (123456814, 'EvelynnBellamy@example.com', 'Evelynn Bellamy', '1972-04-29', 1, 'Conservative Party', 'Candidate', '4645 Helen St', 'V9Y6P6');
Insert Into Candidate (SIN, Votes, Incumbent, Parliament_Country, Riding_ID)
Values (123456814, 1, 0, NULL, 59009);

Insert Into Voter (SIN, Email, FullName, DOB, Voted, Party_PartyName, Role, StreetAddress, PostalCode)
Values (123456815, 'LawrieBotwright@example.com', 'Lawrie Botwright', '1974-03-26', 1, 'New Democratic Party', 'Candidate', '4645 Helen St', 'V9Y6P6');
Insert Into Candidate (SIN, Votes, Incumbent, Parliament_Country, Riding_ID)
Values (123456815, 1, 0, NULL, 59009);


Insert Into Voter (SIN, Email, FullName, DOB, Voted, Party_PartyName, Role, StreetAddress, PostalCode)
Values (123456816, 'LuveniaFrye@example.com', 'Luvenia Frye', '1974-06-08', 1, 'Liberal Party', 'Candidate', '68 S Shore Rd', 'V0R2G0');
Insert Into Candidate (SIN, Votes, Incumbent, Parliament_Country, Riding_ID)
Values (123456816, 1, 0, NULL, 59010);

Insert Into Voter (SIN, Email, FullName, DOB, Voted, Party_PartyName, Role, StreetAddress, PostalCode)
Values (123456817, 'MabelleLittle@example.com', 'Mabelle Little', '1976-06-06', 1, 'Conservative Party', 'Candidate', '68 S Shore Rd', 'V0R2G0');
Insert Into Candidate (SIN, Votes, Incumbent, Parliament_Country, Riding_ID)
Values (123456817, 1, 0, NULL, 59010);

Insert Into Voter (SIN, Email, FullName, DOB, Voted, Party_PartyName, Role, StreetAddress, PostalCode)
Values (123456818, 'ScoutLucas@example.com', 'Scout Lucas', '1976-07-15', 1, 'New Democratic Party', 'Candidate', '68 S Shore Rd', 'V0R2G0');
Insert Into Candidate (SIN, Votes, Incumbent, Parliament_Country, Riding_ID)
Values (123456818, 1, 0, NULL, 59010);


Insert Into Voter (SIN, Email, FullName, DOB, Voted, Party_PartyName, Role, StreetAddress, PostalCode)
Values (123456819, 'LisaAugustine@example.com', 'Lisa Augustine', '1978-03-08', 1, 'Liberal Party', 'Candidate', '5016 44 Ave', 'V4K1C1');
Insert Into Candidate (SIN, Votes, Incumbent, Parliament_Country, Riding_ID)
Values (123456819, 1, 0, NULL, 59011);

Insert Into Voter (SIN, Email, FullName, DOB, Voted, Party_PartyName, Role, StreetAddress, PostalCode)
Values (123456820, 'RosabellaSolomon@example.com', 'Rosabella Solomon', '1978-05-02', 1, 'Conservative Party', 'Candidate', '5016 44 Ave', 'V4K1C1');
Insert Into Candidate (SIN, Votes, Incumbent, Parliament_Country, Riding_ID)
Values (123456820, 1, 0, NULL, 59011);

Insert Into Voter (SIN, Email, FullName, DOB, Voted, Party_PartyName, Role, StreetAddress, PostalCode)
Values (123456821, 'ValerieAlbertson@example.com', 'Valerie Albertson', '1978-08-14', 1, 'New Democratic Party', 'Candidate', '5016 44 Ave', 'V4K1C1');
Insert Into Candidate (SIN, Votes, Incumbent, Parliament_Country, Riding_ID)
Values (123456821, 1, 0, NULL, 59011);


Insert Into Voter (SIN, Email, FullName, DOB, Voted, Party_PartyName, Role, StreetAddress, PostalCode)
Values (123456822, 'LisetteBeverley@example.com', 'Lisette Beverley', '1979-02-10', 1, 'Liberal Party', 'Candidate', '2766 Admirals Rd', 'V9A2R3');
Insert Into Candidate (SIN, Votes, Incumbent, Parliament_Country, Riding_ID)
Values (123456822, 1, 0, NULL, 59012);

Insert Into Voter (SIN, Email, FullName, DOB, Voted, Party_PartyName, Role, StreetAddress, PostalCode)
Values (123456823, 'DorotheaWyatt@example.com', 'Dorothea Wyatt', '1979-06-29', 1, 'Conservative Party', 'Candidate', '2766 Admirals Rd', 'V9A2R3');
Insert Into Candidate (SIN, Votes, Incumbent, Parliament_Country, Riding_ID)
Values (123456823, 1, 0, NULL, 59012);

Insert Into Voter (SIN, Email, FullName, DOB, Voted, Party_PartyName, Role, StreetAddress, PostalCode)
Values (123456824, 'AnneSniders@example.com', 'Anne Sniders', '1979-10-19', 1, 'New Democratic Party', 'Candidate', '2766 Admirals Rd', 'V9A2R3');
Insert Into Candidate (SIN, Votes, Incumbent, Parliament_Country, Riding_ID)
Values (123456824, 1, 0, NULL, 59012);


Insert Into Voter (SIN, Email, FullName, DOB, Voted, Party_PartyName, Role, StreetAddress, PostalCode)
Values (123456825, 'LilyKeys@example.com', 'Lily Keys', '1981-03-27', 1, 'Liberal Party', 'Candidate', '16152 82 Ave', 'V4N0N5');
Insert Into Candidate (SIN, Votes, Incumbent, Parliament_Country, Riding_ID)
Values (123456825, 1, 0, NULL, 59013);

Insert Into Voter (SIN, Email, FullName, DOB, Voted, Party_PartyName, Role, StreetAddress, PostalCode)
Values (123456826, 'AverillMilton@example.com', 'Averill Milton', '1983-04-27', 1, 'Conservative Party', 'Candidate', '16152 82 Ave', 'V4N0N5');
Insert Into Candidate (SIN, Votes, Incumbent, Parliament_Country, Riding_ID)
Values (123456826, 1, 0, NULL, 59013);

Insert Into Voter (SIN, Email, FullName, DOB, Voted, Party_PartyName, Role, StreetAddress, PostalCode)
Values (123456827, 'AntonCarman@example.com', 'Anton Carman', '1985-09-13', 1, 'New Democratic Party', 'Candidate', '16152 82 Ave', 'V4N0N5');
Insert Into Candidate (SIN, Votes, Incumbent, Parliament_Country, Riding_ID)
Values (123456827, 1, 0, NULL, 59013);


Insert Into Voter (SIN, Email, FullName, DOB, Voted, Party_PartyName, Role, StreetAddress, PostalCode)
Values (123456828, 'DeanJervis@example.com', 'Dean Jervis', '1986-09-06', 1, 'Liberal Party', 'Candidate', '551 14 St NE', 'V1E2S5');
Insert Into Candidate (SIN, Votes, Incumbent, Parliament_Country, Riding_ID)
Values (123456828, 1, 0, NULL, 59014);

Insert Into Voter (SIN, Email, FullName, DOB, Voted, Party_PartyName, Role, StreetAddress, PostalCode)
Values (123456829, 'JaidaGoffe@example.com', 'Jaida Goffe', '1987-03-28', 1, 'Conservative Party', 'Candidate', '551 14 St NE', 'V1E2S5');
Insert Into Candidate (SIN, Votes, Incumbent, Parliament_Country, Riding_ID)
Values (123456829, 1, 0, NULL, 59014);

Insert Into Voter (SIN, Email, FullName, DOB, Voted, Party_PartyName, Role, StreetAddress, PostalCode)
Values (123456830, 'SamClarke@example.com', 'Sam Clarke', '1989-09-12', 1, 'New Democratic Party', 'Candidate', '551 14 St NE', 'V1E2S5');
Insert Into Candidate (SIN, Votes, Incumbent, Parliament_Country, Riding_ID)
Values (123456830, 1, 0, NULL, 59014);


Insert Into Voter (SIN, Email, FullName, DOB, Voted, Party_PartyName, Role, StreetAddress, PostalCode)
Values (123456831, 'DebraStidolph@example.com', 'Debra Stidolph', '1991-11-16', 1, 'Liberal Party', 'Candidate', '985 Holt St', 'V2B5H1');
Insert Into Candidate (SIN, Votes, Incumbent, Parliament_Country, Riding_ID)
Values (123456831, 1, 0, NULL, 59015);

Insert Into Voter (SIN, Email, FullName, DOB, Voted, Party_PartyName, Role, StreetAddress, PostalCode)
Values (123456832, 'NorwoodPark@example.com', 'Norwood Park', '1994-01-27', 1, 'Conservative Party', 'Candidate', '985 Holt St', 'V2B5H1');
Insert Into Candidate (SIN, Votes, Incumbent, Parliament_Country, Riding_ID)
Values (123456832, 1, 0, NULL, 59015);

Insert Into Voter (SIN, Email, FullName, DOB, Voted, Party_PartyName, Role, StreetAddress, PostalCode)
Values (123456833, 'EldredSutton@example.com', 'Eldred Sutton', '1994-08-19', 1, 'New Democratic Party', 'Candidate', '985 Holt St', 'V2B5H1');
Insert Into Candidate (SIN, Votes, Incumbent, Parliament_Country, Riding_ID)
Values (123456833, 1, 0, NULL, 59015);


Insert Into Voter (SIN, Email, FullName, DOB, Voted, Party_PartyName, Role, StreetAddress, PostalCode)
Values (123456834, 'LyricAllsopp@example.com', 'Lyric Allsopp', '1994-08-19', 1, 'Liberal Party', 'Candidate', '475 Yates Rd', 'V1V1R3');
Insert Into Candidate (SIN, Votes, Incumbent, Parliament_Country, Riding_ID)
Values (123456834, 1, 0, NULL, 59016);

Insert Into Voter (SIN, Email, FullName, DOB, Voted, Party_PartyName, Role, StreetAddress, PostalCode)
Values (123456835, 'AntonioForest@example.com', 'Antonio Forest', '1997-01-10', 1, 'Conservative Party', 'Candidate', '475 Yates Rd', 'V1V1R3');
Insert Into Candidate (SIN, Votes, Incumbent, Parliament_Country, Riding_ID)
Values (123456835, 1, 0, NULL, 59016);

Insert Into Voter (SIN, Email, FullName, DOB, Voted, Party_PartyName, Role, StreetAddress, PostalCode)
Values (123456836, 'CathieFoster@example.com', 'Cathie Foster', '1997-09-21', 1, 'New Democratic Party', 'Candidate', '475 Yates Rd', 'V1V1R3');
Insert Into Candidate (SIN, Votes, Incumbent, Parliament_Country, Riding_ID)
Values (123456836, 1, 0, NULL, 59016);


Insert Into Voter (SIN, Email, FullName, DOB, Voted, Party_PartyName, Role, StreetAddress, PostalCode)
Values (123456837, 'ShelTracy@example.com', 'Shel Tracy', '1997-09-21', 1, 'Liberal Party', 'Candidate', '20766 80 Ave', 'V2Y1X6');
Insert Into Candidate (SIN, Votes, Incumbent, Parliament_Country, Riding_ID)
Values (123456837, 1, 0, NULL, 59017);

Insert Into Voter (SIN, Email, FullName, DOB, Voted, Party_PartyName, Role, StreetAddress, PostalCode)
Values (123456838, 'CalvinEwart@example.com', 'Calvin Ewart', '1998-01-26', 1, 'Conservative Party', 'Candidate', '20766 80 Ave', 'V2Y1X6');
Insert Into Candidate (SIN, Votes, Incumbent, Parliament_Country, Riding_ID)
Values (123456838, 1, 0, NULL, 59017);

Insert Into Voter (SIN, Email, FullName, DOB, Voted, Party_PartyName, Role, StreetAddress, PostalCode)
Values (123456839, 'BugsyHightower@example.com', 'Bugsy Hightower', '1998-07-17', 1, 'New Democratic Party', 'Candidate', '20766 80 Ave', 'V2Y1X6');
Insert Into Candidate (SIN, Votes, Incumbent, Parliament_Country, Riding_ID)
Values (123456839, 1, 0, NULL, 59017);


Insert Into Voter (SIN, Email, FullName, DOB, Voted, Party_PartyName, Role, StreetAddress, PostalCode)
Values (123456840, 'RachaelClement@example.com', 'Rachael Clement', '2000-04-10', 1, 'Liberal Party', 'Candidate', '7466 Welton St', 'V2V6L4');
Insert Into Candidate (SIN, Votes, Incumbent, Parliament_Country, Riding_ID)
Values (123456840, 1, 0, NULL, 59018);

Insert Into Voter (SIN, Email, FullName, DOB, Voted, Party_PartyName, Role, StreetAddress, PostalCode)
Values (123456841, 'SherriNoble@example.com', 'Sherri Noble', '1970-02-03', 1, 'Conservative Party', 'Candidate', '7466 Welton St', 'V2V6L4');
Insert Into Candidate (SIN, Votes, Incumbent, Parliament_Country, Riding_ID)
Values (123456841, 1, 0, NULL, 59018);

Insert Into Voter (SIN, Email, FullName, DOB, Voted, Party_PartyName, Role, StreetAddress, PostalCode)
Values (123456842, 'LuannWhittle@example.com', 'Luann Whittle', '1970-12-07', 1, 'New Democratic Party', 'Candidate', '7466 Welton St', 'V2V6L4');
Insert Into Candidate (SIN, Votes, Incumbent, Parliament_Country, Riding_ID)
Values (123456842, 1, 0, NULL, 59018);


Insert Into Voter (SIN, Email, FullName, DOB, Voted, Party_PartyName, Role, StreetAddress, PostalCode)
Values (123456843, 'OpalineDowner@example.com', 'Opaline Downer', '1972-09-20', 1, 'Liberal Party', 'Candidate', '140 View St', 'V9R4N6');
Insert Into Candidate (SIN, Votes, Incumbent, Parliament_Country, Riding_ID)
Values (123456843, 1, 0, NULL, 59019);

Insert Into Voter (SIN, Email, FullName, DOB, Voted, Party_PartyName, Role, StreetAddress, PostalCode)
Values (123456844, 'MaurieTrent@example.com', 'Maurie Trent', '1973-04-21', 1, 'Conservative Party', 'Candidate', '140 View St', 'V9R4N6');
Insert Into Candidate (SIN, Votes, Incumbent, Parliament_Country, Riding_ID)
Values (123456844, 1, 0, NULL, 59019);

Insert Into Voter (SIN, Email, FullName, DOB, Voted, Party_PartyName, Role, StreetAddress, PostalCode)
Values (123456845, 'LennonRyder@example.com', 'Lennon Ryder', '1975-10-20', 1, 'New Democratic Party', 'Candidate', '140 View St', 'V9R4N6');
Insert Into Candidate (SIN, Votes, Incumbent, Parliament_Country, Riding_ID)
Values (123456845, 1, 0, NULL, 59019);


Insert Into Voter (SIN, Email, FullName, DOB, Voted, Party_PartyName, Role, StreetAddress, PostalCode)
Values (123456846, 'PrueWeaver@example.com', 'Prue Weaver', '1978-01-13', 1, 'Liberal Party', 'Candidate', '820 6th St', 'V3M3S9');
Insert Into Candidate (SIN, Votes, Incumbent, Parliament_Country, Riding_ID)
Values (123456846, 1, 0, NULL, 59020);

Insert Into Voter (SIN, Email, FullName, DOB, Voted, Party_PartyName, Role, StreetAddress, PostalCode)
Values (123456847, 'EllaDarrell@example.com', 'Ella Darrell', '1978-04-07', 1, 'Conservative Party', 'Candidate', '820 6th St', 'V3M3S9');
Insert Into Candidate (SIN, Votes, Incumbent, Parliament_Country, Riding_ID)
Values (123456847, 1, 0, NULL, 59020);

Insert Into Voter (SIN, Email, FullName, DOB, Voted, Party_PartyName, Role, StreetAddress, PostalCode)
Values (123456848, 'BettyBrandon@example.com', 'Betty Brandon', '1979-10-10', 1, 'New Democratic Party', 'Candidate', '820 6th St', 'V3M3S9');
Insert Into Candidate (SIN, Votes, Incumbent, Parliament_Country, Riding_ID)
Values (123456848, 1, 0, NULL, 59020);


Insert Into Voter (SIN, Email, FullName, DOB, Voted, Party_PartyName, Role, StreetAddress, PostalCode)
Values (123456849, 'RickiGully@example.com', 'Ricki Gully', '1981-08-26', 1, 'Liberal Party', 'Candidate', '261 Cedar St', 'V9W2V3');
Insert Into Candidate (SIN, Votes, Incumbent, Parliament_Country, Riding_ID)
Values (123456849, 1, 0, NULL, 59021);

Insert Into Voter (SIN, Email, FullName, DOB, Voted, Party_PartyName, Role, StreetAddress, PostalCode)
Values (123456850, 'FosterAckerman@example.com', 'Foster Ackerman', '1983-01-24', 1, 'Conservative Party', 'Candidate', '261 Cedar St', 'V9W2V3');
Insert Into Candidate (SIN, Votes, Incumbent, Parliament_Country, Riding_ID)
Values (123456850, 1, 0, NULL, 59021);

Insert Into Voter (SIN, Email, FullName, DOB, Voted, Party_PartyName, Role, StreetAddress, PostalCode)
Values (123456851, 'Kelley Christianson@example.com', 'Kelley Christianson', '1983-08-05', 1, 'New Democratic Party', 'Candidate', '261 Cedar St', 'V9W2V3');
Insert Into Candidate (SIN, Votes, Incumbent, Parliament_Country, Riding_ID)
Values (123456851, 1, 0, NULL, 59021);


Insert Into Voter (SIN, Email, FullName, DOB, Voted, Party_PartyName, Role, StreetAddress, PostalCode)
Values (123456852, 'JaysonTodd@example.com', 'Jayson Todd', '1983-11-28', 1, 'Liberal Party', 'Candidate', '641 17th Street West', 'V7M0A1');
Insert Into Candidate (SIN, Votes, Incumbent, Parliament_Country, Riding_ID)
Values (123456852, 1, 0, NULL, 59022);

Insert Into Voter (SIN, Email, FullName, DOB, Voted, Party_PartyName, Role, StreetAddress, PostalCode)
Values (123456853, 'AlexandraLarson@example.com', 'Alexandra Larson', '1984-10-23', 1, 'Conservative Party', 'Candidate', '641 17th Street West', 'V7M0A1');
Insert Into Candidate (SIN, Votes, Incumbent, Parliament_Country, Riding_ID)
Values (123456853, 1, 0, NULL, 59022);

Insert Into Voter (SIN, Email, FullName, DOB, Voted, Party_PartyName, Role, StreetAddress, PostalCode)
Values (123456854, 'StaceyDesmarais@example.com', 'Stacey Desmarais', '1986-11-20', 1, 'New Democratic Party', 'Candidate', '641 17th Street West', 'V7M0A1');
Insert Into Candidate (SIN, Votes, Incumbent, Parliament_Country, Riding_ID)
Values (123456854, 1, 0, NULL, 59022);


Insert Into Voter (SIN, Email, FullName, DOB, Voted, Party_PartyName, Role, StreetAddress, PostalCode)
Values (123456855, 'GhislaineMayer@example.com', 'Ghislaine Mayer', '1987-01-03', 1, 'Liberal Party', 'Candidate', '3044 Sandstone Dr', 'V4T1T2');
Insert Into Candidate (SIN, Votes, Incumbent, Parliament_Country, Riding_ID)
Values (123456855, 1, 0, NULL, 59023);

Insert Into Voter (SIN, Email, FullName, DOB, Voted, Party_PartyName, Role, StreetAddress, PostalCode)
Values (123456856, 'YiWeber@example.com', 'Yi Weber', '1987-06-29', 1, 'Conservative Party', 'Candidate', '3044 Sandstone Dr', 'V4T1T2');
Insert Into Candidate (SIN, Votes, Incumbent, Parliament_Country, Riding_ID)
Values (123456856, 1, 0, NULL, 59023);

Insert Into Voter (SIN, Email, FullName, DOB, Voted, Party_PartyName, Role, StreetAddress, PostalCode)
Values (123456857, 'SylviaLaroche@example.com', 'Sylvia Laroche', '1992-03-22', 1, 'New Democratic Party', 'Candidate', '3044 Sandstone Dr', 'V4T1T2');
Insert Into Candidate (SIN, Votes, Incumbent, Parliament_Country, Riding_ID)
Values (123456857, 1, 0, NULL, 59023);


Insert Into Voter (SIN, Email, FullName, DOB, Voted, Party_PartyName, Role, StreetAddress, PostalCode)
Values (123456858, 'JeromeDobson@example.com', 'Jerome Dobson', '1993-08-30', 1, 'Liberal Party', 'Candidate', '21911 122 Ave', 'V2X3X2');
Insert Into Candidate (SIN, Votes, Incumbent, Parliament_Country, Riding_ID)
Values (123456858, 1, 0, NULL, 59024);

Insert Into Voter (SIN, Email, FullName, DOB, Voted, Party_PartyName, Role, StreetAddress, PostalCode)
Values (123456859, 'KimberleyCoulombe@example.com', 'Kimberley Coulombe', '1995-03-16', 1, 'Conservative Party', 'Candidate', '21911 122 Ave', 'V2X3X2');
Insert Into Candidate (SIN, Votes, Incumbent, Parliament_Country, Riding_ID)
Values (123456859, 1, 0, NULL, 59024);

Insert Into Voter (SIN, Email, FullName, DOB, Voted, Party_PartyName, Role, StreetAddress, PostalCode)
Values (123456860, 'MaryseCarlson@example.com', 'Maryse Carlson', '1997-03-07', 1, 'New Democratic Party', 'Candidate', '21911 122 Ave', 'V2X3X2');
Insert Into Candidate (SIN, Votes, Incumbent, Parliament_Country, Riding_ID)
Values (123456860, 1, 0, NULL, 59024);


Insert Into Voter (SIN, Email, FullName, DOB, Voted, Party_PartyName, Role, StreetAddress, PostalCode)
Values (123456861, 'RobBouffardn@example.com', 'Rob Bouffard', '1997-12-28', 1, 'Liberal Party', 'Candidate', '999 Noons Creek Dr', 'V3H4N3');
Insert Into Candidate (SIN, Votes, Incumbent, Parliament_Country, Riding_ID)
Values (123456861, 1, 0, NULL, 59025);

Insert Into Voter (SIN, Email, FullName, DOB, Voted, Party_PartyName, Role, StreetAddress, PostalCode)
Values (123456862, 'BrunoKerr@example.com', 'Bruno Kerr', '1998-12-28', 1, 'Conservative Party', 'Candidate', '999 Noons Creek Dr', 'V3H4N3');
Insert Into Candidate (SIN, Votes, Incumbent, Parliament_Country, Riding_ID)
Values (123456862, 1, 0, NULL, 59025);

Insert Into Voter (SIN, Email, FullName, DOB, Voted, Party_PartyName, Role, StreetAddress, PostalCode)
Values (123456863, 'MohammadHuot@example.com', 'Mohammad Huot', '2000-02-11', 1, 'New Democratic Party', 'Candidate', '999 Noons Creek Dr', 'V3H4N3');
Insert Into Candidate (SIN, Votes, Incumbent, Parliament_Country, Riding_ID)
Values (123456863, 1, 0, NULL, 59025);


Insert Into Voter (SIN, Email, FullName, DOB, Voted, Party_PartyName, Role, StreetAddress, PostalCode)
Values (123456864, 'KaylaPoirier@example.com', 'Kayla Poirier', '2000-10-31', 1, 'Liberal Party', 'Candidate', '10615 96 St', 'V1J3R3');
Insert Into Candidate (SIN, Votes, Incumbent, Parliament_Country, Riding_ID)
Values (123456864, 1, 0, NULL, 59026);

Insert Into Voter (SIN, Email, FullName, DOB, Voted, Party_PartyName, Role, StreetAddress, PostalCode)
Values (123456865, 'DanielaChan@example.com', 'Daniela Chan', '2000-12-02', 1, 'Conservative Party', 'Candidate', '10615 96 St', 'V1J3R3');
Insert Into Candidate (SIN, Votes, Incumbent, Parliament_Country, Riding_ID)
Values (123456865, 1, 0, NULL, 59026);

Insert Into Voter (SIN, Email, FullName, DOB, Voted, Party_PartyName, Role, StreetAddress, PostalCode)
Values (123456866, 'SusanneMedeiros@example.com', 'Susanne Medeiros', '1970-09-06', 1, 'New Democratic Party', 'Candidate', '10615 96 St', 'V1J3R3');
Insert Into Candidate (SIN, Votes, Incumbent, Parliament_Country, Riding_ID)
Values (123456866, 1, 0, NULL, 59026);


Insert Into Voter (SIN, Email, FullName, DOB, Voted, Party_PartyName, Role, StreetAddress, PostalCode)
Values (123456867, 'TaniaHay@example.com', 'Tania Hay', '1972-03-28', 1, 'Liberal Party', 'Candidate', '9671 Odlin Rd', 'V6X1E1');
Insert Into Candidate (SIN, Votes, Incumbent, Parliament_Country, Riding_ID)
Values (123456867, 1, 0, NULL, 59027);

Insert Into Voter (SIN, Email, FullName, DOB, Voted, Party_PartyName, Role, StreetAddress, PostalCode)
Values (123456868, 'DuaneBond@example.com', 'Duane Bond', '1973-02-04', 1, 'Conservative Party', 'Candidate', '9671 Odlin Rd', 'V6X1E1');
Insert Into Candidate (SIN, Votes, Incumbent, Parliament_Country, Riding_ID)
Values (123456868, 1, 0, NULL, 59027);

Insert Into Voter (SIN, Email, FullName, DOB, Voted, Party_PartyName, Role, StreetAddress, PostalCode)
Values (123456869, 'AprilZhou@example.com', 'April Zhou', '1974-07-10', 1, 'New Democratic Party', 'Candidate', '9671 Odlin Rd', 'V6X1E1');
Insert Into Candidate (SIN, Votes, Incumbent, Parliament_Country, Riding_ID)
Values (123456869, 1, 0, NULL, 59027);


Insert Into Voter (SIN, Email, FullName, DOB, Voted, Party_PartyName, Role, StreetAddress, PostalCode)
Values (123456870, 'AllanMorris@example.com', 'Allan Morris', '1976-12-07', 1, 'Liberal Party', 'Candidate', '11511 King Rd', 'V7A3B5');
Insert Into Candidate (SIN, Votes, Incumbent, Parliament_Country, Riding_ID)
Values (123456870, 1, 0, NULL, 59028);

Insert Into Voter (SIN, Email, FullName, DOB, Voted, Party_PartyName, Role, StreetAddress, PostalCode)
Values (123456871, 'JessicaCurrie@example.com', 'Jessica Currie', '1977-07-16', 1, 'Conservative Party', 'Candidate', '11511 King Rd', 'V7A3B5');
Insert Into Candidate (SIN, Votes, Incumbent, Parliament_Country, Riding_ID)
Values (123456871, 1, 0, NULL, 59028);

Insert Into Voter (SIN, Email, FullName, DOB, Voted, Party_PartyName, Role, StreetAddress, PostalCode)
Values (123456872, 'DeborahGregoire@example.com', 'Deborah Gregoire', '1980-04-13', 1, 'New Democratic Party', 'Candidate', '11511 King Rd', 'V7A3B5');
Insert Into Candidate (SIN, Votes, Incumbent, Parliament_Country, Riding_ID)
Values (123456872, 1, 0, NULL, 59028);


Insert Into Voter (SIN, Email, FullName, DOB, Voted, Party_PartyName, Role, StreetAddress, PostalCode)
Values (123456873, 'PascaleBrunet@example.com', 'Pascale Brunet', '1980-11-26', 1, 'Liberal Party', 'Candidate', '1440 Harrop Rd', 'V8P2S6');
Insert Into Candidate (SIN, Votes, Incumbent, Parliament_Country, Riding_ID)
Values (123456873, 1, 0, NULL, 59029);

Insert Into Voter (SIN, Email, FullName, DOB, Voted, Party_PartyName, Role, StreetAddress, PostalCode)
Values (123456874, 'AgnesStevens@example.com', 'Agnes Stevens', '1980-12-22', 1, 'Conservative Party', 'Candidate', '1440 Harrop Rd', 'V8P2S6');
Insert Into Candidate (SIN, Votes, Incumbent, Parliament_Country, Riding_ID)
Values (123456874, 1, 0, NULL, 59029);

Insert Into Voter (SIN, Email, FullName, DOB, Voted, Party_PartyName, Role, StreetAddress, PostalCode)
Values (123456875, 'TimGaudreault@example.com', 'Tim Gaudreault', '1982-04-29', 1, 'New Democratic Party', 'Candidate', '1440 Harrop Rd', 'V8P2S6');
Insert Into Candidate (SIN, Votes, Incumbent, Parliament_Country, Riding_ID)
Values (123456875, 1, 0, NULL, 59029);


Insert Into Voter (SIN, Email, FullName, DOB, Voted, Party_PartyName, Role, StreetAddress, PostalCode)
Values (123456876, 'MarvinBeattie@example.com', 'Marvin Beattie', '1983-10-16', 1, 'Liberal Party', 'Candidate', '830 2 Ave', 'V0X1N2');
Insert Into Candidate (SIN, Votes, Incumbent, Parliament_Country, Riding_ID)
Values (123456876, 1, 0, NULL, 59030);

Insert Into Voter (SIN, Email, FullName, DOB, Voted, Party_PartyName, Role, StreetAddress, PostalCode)
Values (123456877, 'KathyLane@example.com', 'Kathy Lane', '1984-02-12', 1, 'Conservative Party', 'Candidate', '830 2 Ave', 'V0X1N2');
Insert Into Candidate (SIN, Votes, Incumbent, Parliament_Country, Riding_ID)
Values (123456877, 1, 0, NULL, 59030);

Insert Into Voter (SIN, Email, FullName, DOB, Voted, Party_PartyName, Role, StreetAddress, PostalCode)
Values (123456878, 'ValerieBrassard@example.com', 'Valerie Brassard', '1984-10-10', 1, 'New Democratic Party', 'Candidate', '830 2 Ave', 'V0X1N2');
Insert Into Candidate (SIN, Votes, Incumbent, Parliament_Country, Riding_ID)
Values (123456878, 1, 0, NULL, 59030);


Insert Into Voter (SIN, Email, FullName, DOB, Voted, Party_PartyName, Role, StreetAddress, PostalCode)
Values (123456879, 'WarrenLloyd@example.com', 'Warren Lloyd', '1987-08-19', 1, 'Liberal Party', 'Candidate', '3275 Bowser St', 'V0J2J0');
Insert Into Candidate (SIN, Votes, Incumbent, Parliament_Country, Riding_ID)
Values (123456879, 1, 0, NULL, 59031);

Insert Into Voter (SIN, Email, FullName, DOB, Voted, Party_PartyName, Role, StreetAddress, PostalCode)
Values (123456880, 'Jean-MarieGodin@example.com', 'Jean-Marie Godin', '1988-09-28', 1, 'Conservative Party', 'Candidate', '3275 Bowser St', 'V0J2J0');
Insert Into Candidate (SIN, Votes, Incumbent, Parliament_Country, Riding_ID)
Values (123456880, 1, 0, NULL, 59031);

Insert Into Voter (SIN, Email, FullName, DOB, Voted, Party_PartyName, Role, StreetAddress, PostalCode)
Values (123456881, 'DerekMcLellan@example.com', 'Derek McLellan', '1991-12-27', 1, 'New Democratic Party', 'Candidate', '3275 Bowser St', 'V0J2J0');
Insert Into Candidate (SIN, Votes, Incumbent, Parliament_Country, Riding_ID)
Values (123456881, 1, 0, NULL, 59031);


Insert Into Voter (SIN, Email, FullName, DOB, Voted, Party_PartyName, Role, StreetAddress, PostalCode)
Values (123456882, 'ElisabethGermain@example.com', 'Elisabeth Germain', '1992-03-20', 1, 'Liberal Party', 'Candidate', '2575 137 St', 'V4P2K5');
Insert Into Candidate (SIN, Votes, Incumbent, Parliament_Country, Riding_ID)
Values (123456882, 1, 0, NULL, 59032);

Insert Into Voter (SIN, Email, FullName, DOB, Voted, Party_PartyName, Role, StreetAddress, PostalCode)
Values (123456883, 'CherylLebel@example.com', 'Cheryl Lebel', '1993-03-02', 1, 'Conservative Party', 'Candidate', '2575 137 St', 'V4P2K5');
Insert Into Candidate (SIN, Votes, Incumbent, Parliament_Country, Riding_ID)
Values (123456883, 1, 0, NULL, 59032);

Insert Into Voter (SIN, Email, FullName, DOB, Voted, Party_PartyName, Role, StreetAddress, PostalCode)
Values (123456884, 'CharlesCummings@example.com', 'Charles Cummings', '1993-08-29', 1, 'New Democratic Party', 'Candidate', '2575 137 St', 'V4P2K5');
Insert Into Candidate (SIN, Votes, Incumbent, Parliament_Country, Riding_ID)
Values (123456884, 1, 0, NULL, 59032);


Insert Into Voter (SIN, Email, FullName, DOB, Voted, Party_PartyName, Role, StreetAddress, PostalCode)
Values (123456885, 'JessieWalsh@example.com', 'Jessie Walsh', '1995-03-16', 1, 'Liberal Party', 'Candidate', '10730 139 St', 'V3T4L9');
Insert Into Candidate (SIN, Votes, Incumbent, Parliament_Country, Riding_ID)
Values (123456885, 1, 0, NULL, 59033);

Insert Into Voter (SIN, Email, FullName, DOB, Voted, Party_PartyName, Role, StreetAddress, PostalCode)
Values (123456886, 'IsabelBeland@example.com', 'Isabel Beland', '1995-07-07', 1, 'Conservative Party', 'Candidate', '10730 139 St', 'V3T4L9');
Insert Into Candidate (SIN, Votes, Incumbent, Parliament_Country, Riding_ID)
Values (123456886, 1, 0, NULL, 59033);

Insert Into Voter (SIN, Email, FullName, DOB, Voted, Party_PartyName, Role, StreetAddress, PostalCode)
Values (123456887, 'KeithGrondin@example.com', 'Keith Grondin', '1996-11-04', 1, 'New Democratic Party', 'Candidate', '10730 139 St', 'V3T4L9');
Insert Into Candidate (SIN, Votes, Incumbent, Parliament_Country, Riding_ID)
Values (123456887, 1, 0, NULL, 59033);


Insert Into Voter (SIN, Email, FullName, DOB, Voted, Party_PartyName, Role, StreetAddress, PostalCode)
Values (123456888, 'JillJordan@example.com', 'Jill Jordan', '1997-11-09', 1, 'Liberal Party', 'Candidate', '7633 124 St', 'V3W8N2');
Insert Into Candidate (SIN, Votes, Incumbent, Parliament_Country, Riding_ID)
Values (123456888, 1, 0, NULL, 59034);

Insert Into Voter (SIN, Email, FullName, DOB, Voted, Party_PartyName, Role, StreetAddress, PostalCode)
Values (123456889, 'MaySampson@example.com', 'May Sampson', '1997-12-24', 1, 'Conservative Party', 'Candidate', '7633 124 St', 'V3W8N2');
Insert Into Candidate (SIN, Votes, Incumbent, Parliament_Country, Riding_ID)
Values (123456889, 1, 0, NULL, 59034);

Insert Into Voter (SIN, Email, FullName, DOB, Voted, Party_PartyName, Role, StreetAddress, PostalCode)
Values (123456890, 'BillyProulx@example.com', 'Billy Proulx', '1999-11-23', 1, 'New Democratic Party', 'Candidate', '7633 124 St', 'V3W8N2');
Insert Into Candidate (SIN, Votes, Incumbent, Parliament_Country, Riding_ID)
Values (123456890, 1, 0, NULL, 59034);


Insert Into Voter (SIN, Email, FullName, DOB, Voted, Party_PartyName, Role, StreetAddress, PostalCode)
Values (123456891, 'ToddLiang@example.com', 'Todd Liang', '1971-04-25', 1, 'Liberal Party', 'Candidate', '1150 Nelson St', 'V6E1J2');
Insert Into Candidate (SIN, Votes, Incumbent, Parliament_Country, Riding_ID)
Values (123456891, 1, 0, NULL, 59035);

Insert Into Voter (SIN, Email, FullName, DOB, Voted, Party_PartyName, Role, StreetAddress, PostalCode)
Values (123456892, 'ClaraEdwards@example.com', 'Clara Edwards', '1972-04-03', 1, 'Conservative Party', 'Candidate', '1150 Nelson St', 'V6E1J2');
Insert Into Candidate (SIN, Votes, Incumbent, Parliament_Country, Riding_ID)
Values (123456892, 1, 0, NULL, 59035);

Insert Into Voter (SIN, Email, FullName, DOB, Voted, Party_PartyName, Role, StreetAddress, PostalCode)
Values (123456893, 'DianneOuimet@example.com', 'Dianne Ouimet', '1973-05-22', 1, 'New Democratic Party', 'Candidate', '1150 Nelson St', 'V6E1J2');
Insert Into Candidate (SIN, Votes, Incumbent, Parliament_Country, Riding_ID)
Values (123456893, 1, 0, NULL, 59035);


Insert Into Voter (SIN, Email, FullName, DOB, Voted, Party_PartyName, Role, StreetAddress, PostalCode)
Values (123456894, 'YanPrice@example.com', 'Yan Price', '1973-10-22', 1, 'Liberal Party', 'Candidate', '1110 Cotton Dr', 'V5L3T5');
Insert Into Candidate (SIN, Votes, Incumbent, Parliament_Country, Riding_ID)
Values (123456894, 1, 0, NULL, 59036);

Insert Into Voter (SIN, Email, FullName, DOB, Voted, Party_PartyName, Role, StreetAddress, PostalCode)
Values (123456895, 'GeoffreyGraham@example.com', 'Geoffrey Graham', '1974-08-29', 1, 'Conservative Party', 'Candidate', '1110 Cotton Dr', 'V5L3T5');
Insert Into Candidate (SIN, Votes, Incumbent, Parliament_Country, Riding_ID)
Values (123456895, 1, 0, NULL, 59036);

Insert Into Voter (SIN, Email, FullName, DOB, Voted, Party_PartyName, Role, StreetAddress, PostalCode)
Values (123456896, 'BrigitteLarose@example.com', 'Brigitte Larose', '1976-05-13', 1, 'New Democratic Party', 'Candidate', '1110 Cotton Dr', 'V5L3T5');
Insert Into Candidate (SIN, Votes, Incumbent, Parliament_Country, Riding_ID)
Values (123456896, 1, 0, NULL, 59036);


Insert Into Voter (SIN, Email, FullName, DOB, Voted, Party_PartyName, Role, StreetAddress, PostalCode)
Values (123456897, 'AnnaLemay@example.com', 'Anna Lemay', '1976-08-13', 1, 'Liberal Party', 'Candidate', '2421 Scarboro Ave', 'V5P2L5');
Insert Into Candidate (SIN, Votes, Incumbent, Parliament_Country, Riding_ID)
Values (123456897, 1, 0, NULL, 59037);

Insert Into Voter (SIN, Email, FullName, DOB, Voted, Party_PartyName, Role, StreetAddress, PostalCode)
Values (123456898, 'RobtStevenson@example.com', 'Robt Stevenson', '1977-06-04', 1, 'Conservative Party', 'Candidate', '2421 Scarboro Ave', 'V5P2L5');
Insert Into Candidate (SIN, Votes, Incumbent, Parliament_Country, Riding_ID)
Values (123456898, 1, 0, NULL, 59037);

Insert Into Voter (SIN, Email, FullName, DOB, Voted, Party_PartyName, Role, StreetAddress, PostalCode)
Values (123456899, 'MarcelFontaine@example.com', 'Marcel Fontaine', '1977-10-07', 1, 'New Democratic Party', 'Candidate', '2421 Scarboro Ave', 'V5P2L5');
Insert Into Candidate (SIN, Votes, Incumbent, Parliament_Country, Riding_ID)
Values (123456899, 1, 0, NULL, 59037);


Insert Into Voter (SIN, Email, FullName, DOB, Voted, Party_PartyName, Role, StreetAddress, PostalCode)
Values (123456900, 'AdrienneParadis@example.com', 'Adrienne Paradis', '1981-12-10', 1, 'Liberal Party', 'Candidate', '4250 Marguerite St', 'V6J4G3');
Insert Into Candidate (SIN, Votes, Incumbent, Parliament_Country, Riding_ID)
Values (123456900, 1, 0, NULL, 59038);

Insert Into Voter (SIN, Email, FullName, DOB, Voted, Party_PartyName, Role, StreetAddress, PostalCode)
Values (123456901, 'OlivierFraser@example.com', 'Olivier Fraser', '1982-10-17', 1, 'Conservative Party', 'Candidate', '4250 Marguerite St', 'V6J4G3');
Insert Into Candidate (SIN, Votes, Incumbent, Parliament_Country, Riding_ID)
Values (123456901, 1, 0, NULL, 59038);

Insert Into Voter (SIN, Email, FullName, DOB, Voted, Party_PartyName, Role, StreetAddress, PostalCode)
Values (123456902, 'YolandeMilne@example.com', 'Yolande Milne', '1983-01-21', 1, 'New Democratic Party', 'Candidate', '4250 Marguerite St', 'V6J4G3');
Insert Into Candidate (SIN, Votes, Incumbent, Parliament_Country, Riding_ID)
Values (123456902, 1, 0, NULL, 59038);


Insert Into Voter (SIN, Email, FullName, DOB, Voted, Party_PartyName, Role, StreetAddress, PostalCode)
Values (123456903, 'LillianChouinard@example.com', 'Lillian Chouinard', '1984-06-19', 1, 'Liberal Party', 'Candidate', '4105 Gladstone St', 'V5N4Z2');
Insert Into Candidate (SIN, Votes, Incumbent, Parliament_Country, Riding_ID)
Values (123456903, 1, 0, NULL, 59039);

Insert Into Voter (SIN, Email, FullName, DOB, Voted, Party_PartyName, Role, StreetAddress, PostalCode)
Values (123456904, 'PaulineGaudreault@example.com', 'Pauline Gaudreault', '1985-09-28', 1, 'Conservative Party', 'Candidate', '4105 Gladstone St', 'V5N4Z2');
Insert Into Candidate (SIN, Votes, Incumbent, Parliament_Country, Riding_ID)
Values (123456904, 1, 0, NULL, 59039);

Insert Into Voter (SIN, Email, FullName, DOB, Voted, Party_PartyName, Role, StreetAddress, PostalCode)
Values (123456905, 'JianProvost@example.com', 'Jian Provost', '1985-11-19', 1, 'New Democratic Party', 'Candidate', '4105 Gladstone St', 'V5N4Z2');
Insert Into Candidate (SIN, Votes, Incumbent, Parliament_Country, Riding_ID)
Values (123456905, 1, 0, NULL, 59039);


Insert Into Voter (SIN, Email, FullName, DOB, Voted, Party_PartyName, Role, StreetAddress, PostalCode)
Values (123456906, 'MeganCross@example.com', 'Megan Cross', '1986-04-11', 1, 'Liberal Party', 'Candidate', '4102 W 16th Ave', 'V6R3E3');
Insert Into Candidate (SIN, Votes, Incumbent, Parliament_Country, Riding_ID)
Values (123456906, 1, 0, NULL, 59040);

Insert Into Voter (SIN, Email, FullName, DOB, Voted, Party_PartyName, Role, StreetAddress, PostalCode)
Values (123456907, 'ShaneDunlop@example.com', 'Shane Dunlop', '1989-03-08', 1, 'Conservative Party', 'Candidate', '4102 W 16th Ave', 'V6R3E3');
Insert Into Candidate (SIN, Votes, Incumbent, Parliament_Country, Riding_ID)
Values (123456907, 1, 0, NULL, 59040);

Insert Into Voter (SIN, Email, FullName, DOB, Voted, Party_PartyName, Role, StreetAddress, PostalCode)
Values (123456908, 'HildaLewis@example.com', 'Hilda Lewis', '1991-06-26', 1, 'New Democratic Party', 'Candidate', '4102 W 16th Ave', 'V6R3E3');
Insert Into Candidate (SIN, Votes, Incumbent, Parliament_Country, Riding_ID)
Values (123456908, 1, 0, NULL, 59040);


Insert Into Voter (SIN, Email, FullName, DOB, Voted, Party_PartyName, Role, StreetAddress, PostalCode)
Values (123456909, 'MarjorieManning@example.com', 'Marjorie Manning', '1991-10-14', 1, 'Liberal Party', 'Candidate', '1404 35 Ave', 'V1T2R6');
Insert Into Candidate (SIN, Votes, Incumbent, Parliament_Country, Riding_ID)
Values (123456909, 1, 0, NULL, 59041);

Insert Into Voter (SIN, Email, FullName, DOB, Voted, Party_PartyName, Role, StreetAddress, PostalCode)
Values (123456910, 'ClintDaigle@example.com', 'Clint Daigle', '1991-10-19', 1, 'Conservative Party', 'Candidate', '1404 35 Ave', 'V1T2R6');
Insert Into Candidate (SIN, Votes, Incumbent, Parliament_Country, Riding_ID)
Values (123456910, 1, 0, NULL, 59041);

Insert Into Voter (SIN, Email, FullName, DOB, Voted, Party_PartyName, Role, StreetAddress, PostalCode)
Values (123456911, 'HughSinclair@example.com', 'Hugh Sinclair', '1996-04-15', 1, 'New Democratic Party', 'Candidate', '1404 35 Ave', 'V1T2R6');
Insert Into Candidate (SIN, Votes, Incumbent, Parliament_Country, Riding_ID)
Values (123456911, 1, 0, NULL, 59041);


Insert Into Voter (SIN, Email, FullName, DOB, Voted, Party_PartyName, Role, StreetAddress, PostalCode)
Values (123456912, 'YingMyers@example.com', 'Ying Myers', '1996-11-08', 1, 'Liberal Party', 'Candidate', '2827 Belmont Ave #1', 'V8R4B2');
Insert Into Candidate (SIN, Votes, Incumbent, Parliament_Country, Riding_ID)
Values (123456912, 1, 0, NULL, 59042);

Insert Into Voter (SIN, Email, FullName, DOB, Voted, Party_PartyName, Role, StreetAddress, PostalCode)
Values (123456913, 'DonaldCousineau@example.com', 'Donald Cousineau', '1998-02-23', 1, 'Conservative Party', 'Candidate', '2827 Belmont Ave #1', 'V8R4B2');
Insert Into Candidate (SIN, Votes, Incumbent, Parliament_Country, Riding_ID)
Values (123456913, 1, 0, NULL, 59042);

Insert Into Voter (SIN, Email, FullName, DOB, Voted, Party_PartyName, Role, StreetAddress, PostalCode)
Values (123456914, 'AbdulBruce@example.com', 'Abdul Bruce', '1999-02-23', 1, 'New Democratic Party', 'Candidate', '2827 Belmont Ave #1', 'V8R4B2');
Insert Into Candidate (SIN, Votes, Incumbent, Parliament_Country, Riding_ID)
Values (123456914, 1, 0, NULL, 59042);


Insert Into Voter (SIN, Email, FullName, DOB, Voted, Party_PartyName, Role, StreetAddress, PostalCode)
Values (123456915, 'KeithRoussel@example.com', 'Keith Roussel', '1999-10-21', 1, 'Liberal Party', 'Candidate', '4685 Keith Rd', 'V7W2M8');
Insert Into Candidate (SIN, Votes, Incumbent, Parliament_Country, Riding_ID)
Values (123456915, 1, 0, NULL, 59043);

Insert Into Voter (SIN, Email, FullName, DOB, Voted, Party_PartyName, Role, StreetAddress, PostalCode)
Values (123456916, 'SherriMessier@example.com', 'Sherri Messier', '1970-11-23', 1, 'Conservative Party', 'Candidate', '4685 Keith Rd', 'V7W2M8');
Insert Into Candidate (SIN, Votes, Incumbent, Parliament_Country, Riding_ID)
Values (123456916, 1, 0, NULL, 59043);

Insert Into Voter (SIN, Email, FullName, DOB, Voted, Party_PartyName, Role, StreetAddress, PostalCode)
Values (123456917, 'BenoitWiebe@example.com', 'Benoit Wiebe', '1970-12-31', 1, 'New Democratic Party', 'Candidate', '4685 Keith Rd', 'V7W2M8');
Insert Into Candidate (SIN, Votes, Incumbent, Parliament_Country, Riding_ID)
Values (123456917, 1, 0, NULL, 59043);

-- Voter-Only Insert Statements

-- Ballot Insert Statements

Insert Into Ballot (ID, Choice, Voter_SIN, PollingStation_Name)
Values (NULL, 'Rainard Abraham', 123456789, 'Aberdeen Elementary School');

Insert Into Ballot (ID, Choice, Voter_SIN, PollingStation_Name)
Values (NULL, 'Lucia Mack', 123456790, 'Aberdeen Elementary School');

Insert Into Ballot (ID, Choice, Voter_SIN, PollingStation_Name)
Values (NULL, 'Tria Elliott', 123456791, 'Aberdeen Elementary School');


Insert Into Ballot (ID, Choice, Voter_SIN, PollingStation_Name)
Values (NULL, 'Lanny Abram', 123456792, 'Gilpin Elementary School');

Insert Into Ballot (ID, Choice, Voter_SIN, PollingStation_Name)
Values (NULL, 'Beckah Bonney', 123456793, 'Gilpin Elementary School');

Insert Into Ballot (ID, Choice, Voter_SIN, PollingStation_Name)
Values (NULL, 'Esmee Pocock', 123456794, 'Gilpin Elementary School');


Insert Into Ballot (ID, Choice, Voter_SIN, PollingStation_Name)
Values (NULL, 'Merla Abney', 123456795, 'Seymour Heights Elementary School');

Insert Into Ballot (ID, Choice, Voter_SIN, PollingStation_Name)
Values (NULL, 'Robynne Garfield', 123456796, 'Seymour Heights Elementary School');

Insert Into Ballot (ID, Choice, Voter_SIN, PollingStation_Name)
Values (NULL, 'Roydon Boone', 123456797, 'Seymour Heights Elementary School');


Insert Into Ballot (ID, Choice, Voter_SIN, PollingStation_Name)
Values (NULL, 'Raymond Westley', 123456798, 'Lake City Secondary');

Insert Into Ballot (ID, Choice, Voter_SIN, PollingStation_Name)
Values (NULL, 'Bradford Cory', 123456799, 'Lake City Secondary');

Insert Into Ballot (ID, Choice, Voter_SIN, PollingStation_Name)
Values (NULL, 'Adelyn Lukeson', 123456800, 'Lake City Secondary');


Insert Into Ballot (ID, Choice, Voter_SIN, PollingStation_Name)
Values (NULL, 'Darell Beverly', 123456801, 'Sardis Secondary');

Insert Into Ballot (ID, Choice, Voter_SIN, PollingStation_Name)
Values (NULL, 'Frederick Dodge', 123456802, 'Sardis Secondary');

Insert Into Ballot (ID, Choice, Voter_SIN, PollingStation_Name)
Values (NULL, 'Paisley Lynton', 123456803, 'Sardis Secondary');


Insert Into Ballot (ID, Choice, Voter_SIN, PollingStation_Name)
Values (NULL, 'Novalee Wolf', 123456804, 'Lord Tweedsmuir Secondary School');

Insert Into Ballot (ID, Choice, Voter_SIN, PollingStation_Name)
Values (NULL, 'Sunshine Tupper', 123456805, 'Lord Tweedsmuir Secondary School');

Insert Into Ballot (ID, Choice, Voter_SIN, PollingStation_Name)
Values (NULL, 'Cyndi Bernard', 123456806, 'Lord Tweedsmuir Secondary School');


Insert Into Ballot (ID, Choice, Voter_SIN, PollingStation_Name)
Values (NULL, 'Alise Kellogg', 123456807, 'Amy Woodland Elementary School');

Insert Into Ballot (ID, Choice, Voter_SIN, PollingStation_Name)
Values (NULL, 'Rae Law', 123456808, 'Amy Woodland Elementary School');

Insert Into Ballot (ID, Choice, Voter_SIN, PollingStation_Name)
Values (NULL, 'Maurine Josephson', 123456809, 'Amy Woodland Elementary School');


Insert Into Ballot (ID, Choice, Voter_SIN, PollingStation_Name)
Values (NULL, 'Doria Hoggard', 123456810, 'Ecole Pitt River Community Middle School');

Insert Into Ballot (ID, Choice, Voter_SIN, PollingStation_Name)
Values (NULL, 'Freda Readdie', 123456811, 'Ecole Pitt River Community Middle School');

Insert Into Ballot (ID, Choice, Voter_SIN, PollingStation_Name)
Values (NULL, 'Mable Reid', 123456812, 'Ecole Pitt River Community Middle School');


Insert Into Ballot (ID, Choice, Voter_SIN, PollingStation_Name)
Values (NULL, 'Shari Bannister', 123456813, 'Ecole Alberni Elementary');

Insert Into Ballot (ID, Choice, Voter_SIN, PollingStation_Name)
Values (NULL, 'Evelynn Bellamy', 123456814, 'Ecole Alberni Elementary');

Insert Into Ballot (ID, Choice, Voter_SIN, PollingStation_Name)
Values (NULL, 'Lawrie Botwright', 123456815, 'Ecole Alberni Elementary');


Insert Into Ballot (ID, Choice, Voter_SIN, PollingStation_Name)
Values (NULL, 'Luvenia Frye', 123456816, 'Lake Cowichan Secondary');

Insert Into Ballot (ID, Choice, Voter_SIN, PollingStation_Name)
Values (NULL, 'Mabelle Little', 123456817, 'Lake Cowichan Secondary');

Insert Into Ballot (ID, Choice, Voter_SIN, PollingStation_Name)
Values (NULL, 'Scout Lucas', 123456818, 'Lake Cowichan Secondary');


Insert Into Ballot (ID, Choice, Voter_SIN, PollingStation_Name)
Values (NULL, 'Lisa Augustine', 123456819, 'Ladner Elementary');

Insert Into Ballot (ID, Choice, Voter_SIN, PollingStation_Name)
Values (NULL, 'Rosabella Solomon', 123456820, 'Ladner Elementary');

Insert Into Ballot (ID, Choice, Voter_SIN, PollingStation_Name)
Values (NULL, 'Valerie Albertson', 123456821, 'Ladner Elementary');


Insert Into Ballot (ID, Choice, Voter_SIN, PollingStation_Name)
Values (NULL, 'Lisette Beverley', 123456822, 'Craigflower Elementary School');

Insert Into Ballot (ID, Choice, Voter_SIN, PollingStation_Name)
Values (NULL, 'Dorothea Wyatt', 123456823, 'Craigflower Elementary School');

Insert Into Ballot (ID, Choice, Voter_SIN, PollingStation_Name)
Values (NULL, 'Anne Sniders', 123456824, 'Craigflower Elementary School');


Insert Into Ballot (ID, Choice, Voter_SIN, PollingStation_Name)
Values (NULL, 'Lily Keys', 123456825, 'Walnut Road Elementary School');

Insert Into Ballot (ID, Choice, Voter_SIN, PollingStation_Name)
Values (NULL, 'Averill Milton', 123456826, 'Walnut Road Elementary School');

Insert Into Ballot (ID, Choice, Voter_SIN, PollingStation_Name)
Values (NULL, 'Anton Carman', 123456827, 'Walnut Road Elementary School');


Insert Into Ballot (ID, Choice, Voter_SIN, PollingStation_Name)
Values (NULL, 'Dean Jervis', 123456828, 'J.L. Jackson Secondary');

Insert Into Ballot (ID, Choice, Voter_SIN, PollingStation_Name)
Values (NULL, 'Jaida Goffe', 123456829, 'J.L. Jackson Secondary');

Insert Into Ballot (ID, Choice, Voter_SIN, PollingStation_Name)
Values (NULL, 'Sam Clarke', 123456830, 'J.L. Jackson Secondary');


Insert Into Ballot (ID, Choice, Voter_SIN, PollingStation_Name)
Values (NULL, 'Debra Stidolph', 123456831, 'George Hilliard Elementary School');

Insert Into Ballot (ID, Choice, Voter_SIN, PollingStation_Name)
Values (NULL, 'Norwood Park', 123456832, 'George Hilliard Elementary School');

Insert Into Ballot (ID, Choice, Voter_SIN, PollingStation_Name)
Values (NULL, 'Eldred Sutton', 123456833, 'George Hilliard Elementary School');


Insert Into Ballot (ID, Choice, Voter_SIN, PollingStation_Name)
Values (NULL, 'Lyric Allsopp', 123456834, 'Watson Road Elementary');

Insert Into Ballot (ID, Choice, Voter_SIN, PollingStation_Name)
Values (NULL, 'Antonio Forest', 123456835, 'Watson Road Elementary');

Insert Into Ballot (ID, Choice, Voter_SIN, PollingStation_Name)
Values (NULL, 'Cathie Foster', 123456836, 'Watson Road Elementary');


Insert Into Ballot (ID, Choice, Voter_SIN, PollingStation_Name)
Values (NULL, 'Shel Tracy', 123456837, 'Willoughby Elementary');

Insert Into Ballot (ID, Choice, Voter_SIN, PollingStation_Name)
Values (NULL, 'Calvin Ewart', 123456838, 'Willoughby Elementary');

Insert Into Ballot (ID, Choice, Voter_SIN, PollingStation_Name)
Values (NULL, 'Bugsy Hightower', 123456839, 'Willoughby Elementary');


Insert Into Ballot (ID, Choice, Voter_SIN, PollingStation_Name)
Values (NULL, 'Rachael Clement', 123456840, 'Mission Central Elementary');

Insert Into Ballot (ID, Choice, Voter_SIN, PollingStation_Name)
Values (NULL, 'Sherri Noble', 123456841, 'Mission Central Elementary');

Insert Into Ballot (ID, Choice, Voter_SIN, PollingStation_Name)
Values (NULL, 'Luann Whittle', 123456842, 'Mission Central Elementary');


Insert Into Ballot (ID, Choice, Voter_SIN, PollingStation_Name)
Values (NULL, 'Opaline Downer', 123456843, 'Bayview Elementary School');

Insert Into Ballot (ID, Choice, Voter_SIN, PollingStation_Name)
Values (NULL, 'Maurie Trent', 123456844, 'Bayview Elementary School');

Insert Into Ballot (ID, Choice, Voter_SIN, PollingStation_Name)
Values (NULL, 'Lennon Ryder', 123456845, 'Bayview Elementary School');


Insert Into Ballot (ID, Choice, Voter_SIN, PollingStation_Name)
Values (NULL, 'Prue Weaver', 123456846, 'New Westminster Secondary School');

Insert Into Ballot (ID, Choice, Voter_SIN, PollingStation_Name)
Values (NULL, 'Ella Darrell', 123456847, 'New Westminster Secondary School');

Insert Into Ballot (ID, Choice, Voter_SIN, PollingStation_Name)
Values (NULL, 'Betty Brandon', 123456848, 'New Westminster Secondary School');


Insert Into Ballot (ID, Choice, Voter_SIN, PollingStation_Name)
Values (NULL, 'Ricki Gully', 123456849, 'Cedar Elementary School');

Insert Into Ballot (ID, Choice, Voter_SIN, PollingStation_Name)
Values (NULL, 'Foster Ackerman', 123456850, 'Cedar Elementary School');

Insert Into Ballot (ID, Choice, Voter_SIN, PollingStation_Name)
Values (NULL, 'Kelley Christianson', 123456851, 'Cedar Elementary School');


Insert Into Ballot (ID, Choice, Voter_SIN, PollingStation_Name)
Values (NULL, 'Jayson Todd', 123456852, 'Westview Elementary School');

Insert Into Ballot (ID, Choice, Voter_SIN, PollingStation_Name)
Values (NULL, 'Alexandra Larson', 123456853, 'Westview Elementary School');

Insert Into Ballot (ID, Choice, Voter_SIN, PollingStation_Name)
Values (NULL, 'Stacey Desmarais', 123456854, 'Westview Elementary School');


Insert Into Ballot (ID, Choice, Voter_SIN, PollingStation_Name)
Values (NULL, 'Ghislaine Mayer', 123456855, 'Shannon Lake Elementary');

Insert Into Ballot (ID, Choice, Voter_SIN, PollingStation_Name)
Values (NULL, 'Yi Weber', 123456856, 'Shannon Lake Elementary');

Insert Into Ballot (ID, Choice, Voter_SIN, PollingStation_Name)
Values (NULL, 'Sylvia Laroche', 123456857, 'Shannon Lake Elementary');


Insert Into Ballot (ID, Choice, Voter_SIN, PollingStation_Name)
Values (NULL, 'Jerome Dobson', 123456858, 'Maple Ridge Secondary');

Insert Into Ballot (ID, Choice, Voter_SIN, PollingStation_Name)
Values (NULL, 'Kimberley Coulombe', 123456859, 'Maple Ridge Secondary');

Insert Into Ballot (ID, Choice, Voter_SIN, PollingStation_Name)
Values (NULL, 'Maryse Carlson', 123456860, 'Maple Ridge Secondary');


Insert Into Ballot (ID, Choice, Voter_SIN, PollingStation_Name)
Values (NULL, 'Rob Bouffard', 123456861, 'Mountain Meadows Elementary School');

Insert Into Ballot (ID, Choice, Voter_SIN, PollingStation_Name)
Values (NULL, 'Bruno Kerr', 123456862, 'Mountain Meadows Elementary School');

Insert Into Ballot (ID, Choice, Voter_SIN, PollingStation_Name)
Values (NULL, 'Mohammad Huot', 123456863, 'Mountain Meadows Elementary School');


Insert Into Ballot (ID, Choice, Voter_SIN, PollingStation_Name)
Values (NULL, 'Kayla Poirier', 123456864, 'Alwin Holland Elementary');

Insert Into Ballot (ID, Choice, Voter_SIN, PollingStation_Name)
Values (NULL, 'Daniela Chan', 123456865, 'Alwin Holland Elementary');

Insert Into Ballot (ID, Choice, Voter_SIN, PollingStation_Name)
Values (NULL, 'Susanne Medeiros', 123456866, 'Alwin Holland Elementary');


Insert Into Ballot (ID, Choice, Voter_SIN, PollingStation_Name)
Values (NULL, 'Tania Hay', 123456867, 'Tomsett Elementary School');

Insert Into Ballot (ID, Choice, Voter_SIN, PollingStation_Name)
Values (NULL, 'Duane Bond', 123456868, 'Tomsett Elementary School');

Insert Into Ballot (ID, Choice, Voter_SIN, PollingStation_Name)
Values (NULL, 'April Zhou', 123456869, 'Tomsett Elementary School');


Insert Into Ballot (ID, Choice, Voter_SIN, PollingStation_Name)
Values (NULL, 'Allan Morris', 123456870, 'Kingswood Elementary School');

Insert Into Ballot (ID, Choice, Voter_SIN, PollingStation_Name)
Values (NULL, 'Jessica Currie', 123456871, 'Kingswood Elementary School');

Insert Into Ballot (ID, Choice, Voter_SIN, PollingStation_Name)
Values (NULL, 'Deborah Gregoire', 123456872, 'Kingswood Elementary School');


Insert Into Ballot (ID, Choice, Voter_SIN, PollingStation_Name)
Values (NULL, 'Pascale Brunet', 123456873, 'Braefoot Elementary School');

Insert Into Ballot (ID, Choice, Voter_SIN, PollingStation_Name)
Values (NULL, 'Agnes Stevens', 123456874, 'Braefoot Elementary School');

Insert Into Ballot (ID, Choice, Voter_SIN, PollingStation_Name)
Values (NULL, 'Tim Gaudreault', 123456875, 'Braefoot Elementary School');


Insert Into Ballot (ID, Choice, Voter_SIN, PollingStation_Name)
Values (NULL, 'Marvin Beattie', 123456876, 'Sess');

Insert Into Ballot (ID, Choice, Voter_SIN, PollingStation_Name)
Values (NULL, 'Kathy Lane', 123456877, 'Sess');

Insert Into Ballot (ID, Choice, Voter_SIN, PollingStation_Name)
Values (NULL, 'Valerie Brassard', 123456878, 'Sess');


Insert Into Ballot (ID, Choice, Voter_SIN, PollingStation_Name)
Values (NULL, 'Warren Lloyd', 123456879, 'New Hazelton Elementary');

Insert Into Ballot (ID, Choice, Voter_SIN, PollingStation_Name)
Values (NULL, 'Jean-Marie Godin', 123456880, 'New Hazelton Elementary');

Insert Into Ballot (ID, Choice, Voter_SIN, PollingStation_Name)
Values (NULL, 'Derek McLellan', 123456881, 'New Hazelton Elementary');


Insert Into Ballot (ID, Choice, Voter_SIN, PollingStation_Name)
Values (NULL, 'Elisabeth Germain', 123456882, 'Chantrell Creek Elementary');

Insert Into Ballot (ID, Choice, Voter_SIN, PollingStation_Name)
Values (NULL, 'Cheryl Lebel', 123456883, 'Chantrell Creek Elementary');

Insert Into Ballot (ID, Choice, Voter_SIN, PollingStation_Name)
Values (NULL, 'Charles Cummings', 123456884, 'Chantrell Creek Elementary');


Insert Into Ballot (ID, Choice, Voter_SIN, PollingStation_Name)
Values (NULL, 'Jessie Walsh', 123456885, 'Forsyth Road Elementary School');

Insert Into Ballot (ID, Choice, Voter_SIN, PollingStation_Name)
Values (NULL, 'Isabel Beland', 123456886, 'Forsyth Road Elementary School');

Insert Into Ballot (ID, Choice, Voter_SIN, PollingStation_Name)
Values (NULL, 'Keith Grondin', 123456887, 'Forsyth Road Elementary School');


Insert Into Ballot (ID, Choice, Voter_SIN, PollingStation_Name)
Values (NULL, 'Jill Jordan', 123456888, 'Strawberry Hill Elementary School');

Insert Into Ballot (ID, Choice, Voter_SIN, PollingStation_Name)
Values (NULL, 'May Sampson', 123456889, 'Strawberry Hill Elementary School');

Insert Into Ballot (ID, Choice, Voter_SIN, PollingStation_Name)
Values (NULL, 'Billy Proulx', 123456890, 'Strawberry Hill Elementary School');


Insert Into Ballot (ID, Choice, Voter_SIN, PollingStation_Name)
Values (NULL, 'Todd Liang', 123456891, 'Roberts Annex Elementary');

Insert Into Ballot (ID, Choice, Voter_SIN, PollingStation_Name)
Values (NULL, 'Clara Edwards', 123456892, 'Roberts Annex Elementary');

Insert Into Ballot (ID, Choice, Voter_SIN, PollingStation_Name)
Values (NULL, 'Dianne Ouimet', 123456893, 'Roberts Annex Elementary');


Insert Into Ballot (ID, Choice, Voter_SIN, PollingStation_Name)
Values (NULL, 'Yan Price', 123456894, 'Britannia Elementary School');

Insert Into Ballot (ID, Choice, Voter_SIN, PollingStation_Name)
Values (NULL, 'Geoffrey Graham', 123456895, 'Britannia Elementary School');

Insert Into Ballot (ID, Choice, Voter_SIN, PollingStation_Name)
Values (NULL, 'Brigitte Larose', 123456896, 'Britannia Elementary School');


Insert Into Ballot (ID, Choice, Voter_SIN, PollingStation_Name)
Values (NULL, 'Anna Lemay', 123456897, 'David Oppenheimer Elementary School');

Insert Into Ballot (ID, Choice, Voter_SIN, PollingStation_Name)
Values (NULL, 'Robt Stevenson', 123456898, 'David Oppenheimer Elementary School');

Insert Into Ballot (ID, Choice, Voter_SIN, PollingStation_Name)
Values (NULL, 'Marcel Fontaine', 123456899, 'David Oppenheimer Elementary School');


Insert Into Ballot (ID, Choice, Voter_SIN, PollingStation_Name)
Values (NULL, 'Adrienne Paradis', 123456900, 'Shaughnessy Elementary School');

Insert Into Ballot (ID, Choice, Voter_SIN, PollingStation_Name)
Values (NULL, 'Olivier Fraser', 123456901, 'Shaughnessy Elementary School');

Insert Into Ballot (ID, Choice, Voter_SIN, PollingStation_Name)
Values (NULL, 'Yolande Milne', 123456902, 'Shaughnessy Elementary School');


Insert Into Ballot (ID, Choice, Voter_SIN, PollingStation_Name)
Values (NULL, 'Lillian Chouinard', 123456903, 'Gladstone Secondary School');

Insert Into Ballot (ID, Choice, Voter_SIN, PollingStation_Name)
Values (NULL, 'Pauline Gaudreault', 123456904, 'Gladstone Secondary School');

Insert Into Ballot (ID, Choice, Voter_SIN, PollingStation_Name)
Values (NULL, 'Jian Provost', 123456905, 'Gladstone Secondary School');


Insert Into Ballot (ID, Choice, Voter_SIN, PollingStation_Name)
Values (NULL, 'Megan Cross', 123456906, 'Queen Elizabeth Elementary School');

Insert Into Ballot (ID, Choice, Voter_SIN, PollingStation_Name)
Values (NULL, 'Shane Dunlop', 123456907, 'Queen Elizabeth Elementary School');

Insert Into Ballot (ID, Choice, Voter_SIN, PollingStation_Name)
Values (NULL, 'Hilda Lewis', 123456908, 'Queen Elizabeth Elementary School');


Insert Into Ballot (ID, Choice, Voter_SIN, PollingStation_Name)
Values (NULL, 'Marjorie Manning', 123456909, 'Silver Star Elementary School');

Insert Into Ballot (ID, Choice, Voter_SIN, PollingStation_Name)
Values (NULL, 'Clint Daigle', 123456910, 'Silver Star Elementary School');

Insert Into Ballot (ID, Choice, Voter_SIN, PollingStation_Name)
Values (NULL, 'Hugh Sinclair', 123456911, 'Silver Star Elementary School');


Insert Into Ballot (ID, Choice, Voter_SIN, PollingStation_Name)
Values (NULL, 'Ying Myers', 123456912, 'Oaklands Elementary School');

Insert Into Ballot (ID, Choice, Voter_SIN, PollingStation_Name)
Values (NULL, 'Donald Cousineau', 123456913, 'Oaklands Elementary School');

Insert Into Ballot (ID, Choice, Voter_SIN, PollingStation_Name)
Values (NULL, 'Abdul Bruce', 123456914, 'Oaklands Elementary School');


Insert Into Ballot (ID, Choice, Voter_SIN, PollingStation_Name)
Values (NULL, 'Keith Roussel', 123456915, 'Caulfeild Elementary School');

Insert Into Ballot (ID, Choice, Voter_SIN, PollingStation_Name)
Values (NULL, 'Sherri Messier', 123456916, 'Caulfeild Elementary School');

Insert Into Ballot (ID, Choice, Voter_SIN, PollingStation_Name)
Values (NULL, 'Benoit Wiebe', 123456917, 'Caulfeild Elementary School');


-- Insert Into PostalCode_City_Province (PostalCode, City, Province)
-- Values ('V6L2H3', 'Vancouver', 'British Columbia');
-- Insert
-- Into Voter (SIN, FullName, DOB, PostalCode, StreetAddress, Email, Voted)
-- Values (123456789, 'John Smith', '08/12/1999', 'V6L2H3', '2628 McBain Ave', 'johnsmith@gmail.com', 0);

-- Insert Into PostalCode_City_Province (PostalCode, City, Province)
-- Values ('T2E5S2', 'Calgary', 'Alberta');
-- Insert
-- Into Voter (SIN, FullName, DOB, PostalCode, StreetAddress, Email, Voted)
-- Values (223456789, 'Jack Smith', 03/20/1999, 'T2E5S2', '4636 Greenhill Crescent NE', 'jacksmith@gmail.com', 1);

-- Insert Into PostalCode_City_Province (PostalCode, City, Province)
-- Values ('V6L2H3', 'Vancouver', 'British Columbia');
-- Insert
-- Into Voter (SIN, FullName, DOB, PostalCode, StreetAddress, Email, Voted)
-- Values (323456789, 'Robert Doyle', '08/12/1999', 'V6L2H3', '2628 McBain Ave', 'robertdoyle@gmail.com', 1);

-- Insert Into PostalCode_City_Province (PostalCode, City, Province)
-- Values ('V6L2H3', 'Vancouver', 'British Columbia');
-- Insert
-- Into Voter (SIN, FullName, DOB, PostalCode, Street Address, Email, Voted)
-- Values (423456789, 'John Smith', '05/13/1966', 'V6L2H3', '2628 McBain Ave', 'johnsmith1@gmail.com', 0);

-- Insert Into PostalCode_City_Province (PostalCode, City, Province)
-- Values ('V6L2H3', 'Vancouver', 'British Columbia');
-- Insert
-- Into Voter (SIN, FullName, DOB, PostalCode, Street Address, Email, Voted)
-- Values (523456789, 'John Smith', '02/09/1945', 'V6L2H3', '2628 McBain Ave', 'johnsmith2@gmail.com', 1);

-- Insert Into PostalCode_City_Province (PostalCode, City, Province)
-- Values ('V6L2H3', 'Vancouver', 'British Columbia');
-- Insert
-- Into Voter (SIN, FullName, DOB, PostalCode, Street Address, Email, Voted)
-- Values (723456789, 'John Smith', '01/10/1967', 'V6L2H3', '2628 McBain Ave', 'johnsmith3@gmail.com', 1);



-- Insert
-- Into Candidate (SIN, Votes, Incumbent, Parliament_Country, Riding_ID)
-- Values (987654321, 99999, 1, 'Canada', 500)

-- Insert
-- Into Candidate (SIN, Votes, Incumbent, Parliament_Country, Riding_ID)
-- Values (31415926, 400000, 0, 'France', 300)

-- Insert
-- Into Candidate (SIN, Votes, Incumbent, Parliament_Country, Riding_ID)
-- Values (1234321, 30000, 0, 'Canada', 200)

-- Insert
-- Into Candidate (SIN, Votes, Incumbent, Parliament_Country, Riding_ID)
-- Values (1234322, 30001, 0, 'Canada', 200)

-- Insert
-- Into Candidate (SIN, Votes, Incumbent, Parliament_Country, Riding_ID)
-- Values (11111111111111, 24000, 1, 'United Kingdom', 47)

-- Insert
-- Into Ballot (ID, Choice, Voter_SIN, PollingStation_Name)
-- Values (123456, 'Justin Trudeau', 223456789, 'UBC Nest')

-- Insert
-- Into Ballot (ID, Choice, Voter_SIN, PollingStation_Name)
-- Values (323456, 'Pierre Pollievre', 323456789, 'Eaton’s Center')

-- Insert
-- Into Ballot (ID, Choice, Voter_SIN, PollingStation_Name)
-- Values (423456, 'Jagmeet Singh', 523456789, 'UBC Nest')

-- Insert
-- Into Ballot (ID, Choice, Voter_SIN, PollingStation_Name)
-- Values (523456, 'Jagmeet Singh', 623456789, 'Moscrop Secondary')

-- Insert
-- Into Ballot (ID, Choice, Voter_SIN, PollingStation_Name)
-- Values (623456, 'Justin Trudeau', 723456789, 'Metrotown')





